Otract,Dtract,EST
02013000100,02013000100,860.0
02013000100,02020002301,4.0
02016000100,02016000100,90.0
02016000100,02016000200,4.0
02016000200,02016000200,0.0
02016000200,02282000100,4.0
02016000200,53033024400,4.0
02016000200,53033032330,4.0
02020000101,02020000101,240.0
02020000101,02020000102,30.0
02020000101,02020000201,70.0
02020000101,02020000202,55.0
02020000101,02020000205,10.0
02020000101,02020000601,115.0
02020000101,02020000602,50.0
02020000101,02020000703,35.0
02020000101,02020000801,25.0
02020000101,02020000802,15.0
02020000101,02020000901,45.0
02020000101,02020001000,30.0
02020000101,02020001100,135.0
02020000101,02020001401,225.0
02020000101,02020001500,75.0
02020000101,02020001602,75.0
02020000101,02020001701,30.0
02020000101,02020001801,4.0
02020000101,02020001900,120.0
02020000101,02020002000,15.0
02020000101,02020002301,45.0
02020000101,02020002305,15.0
02020000101,02020002501,120.0
02020000101,02020002502,105.0
02020000101,02020002601,85.0
02020000101,02020980000,35.0
02020000101,02020980100,105.0
02020000101,02020980200,50.0
02020000101,02170001004,40.0
02020000101,02170001201,10.0
02020000101,04003001402,100.0
02020000102,02020000101,50.0
02020000102,02020000102,390.0
02020000102,02020000201,65.0
02020000102,02020000202,180.0
02020000102,02020000601,40.0
02020000102,02020000702,115.0
02020000102,02020000901,55.0
02020000102,02020001100,105.0
02020000102,02020001200,20.0
02020000102,02020001401,35.0
02020000102,02020001602,120.0
02020000102,02020001732,15.0
02020000102,02020001900,150.0
02020000102,02020002000,40.0
02020000102,02020002201,4.0
02020000102,02020002301,45.0
02020000102,02020002302,15.0
02020000102,02020002400,75.0
02020000102,02020002501,4.0
02020000102,02020002502,260.0
02020000102,02020002601,45.0
02020000102,02020002712,20.0
02020000102,02020002713,15.0
02020000102,02020002811,55.0
02020000102,02020980100,45.0
02020000102,02020980200,95.0
02020000102,02170000800,115.0
02020000102,02170000900,10.0
02020000201,02020000101,20.0
02020000201,02020000102,90.0
02020000201,02020000201,445.0
02020000201,02020000202,50.0
02020000201,02020000204,10.0
02020000201,02020000205,35.0
02020000201,02020000601,35.0
02020000201,02020000701,10.0
02020000201,02020000702,95.0
02020000201,02020000801,4.0
02020000201,02020000802,50.0
02020000201,02020000901,40.0
02020000201,02020001100,115.0
02020000201,02020001200,15.0
02020000201,02020001401,25.0
02020000201,02020001500,4.0
02020000201,02020001601,10.0
02020000201,02020001602,105.0
02020000201,02020001701,15.0
02020000201,02020001702,4.0
02020000201,02020001732,10.0
02020000201,02020001801,15.0
02020000201,02020001802,4.0
02020000201,02020001900,65.0
02020000201,02020002000,10.0
02020000201,02020002201,10.0
02020000201,02020002301,75.0
02020000201,02020002501,10.0
02020000201,02020002502,105.0
02020000201,02020002601,15.0
02020000201,02020002712,10.0
02020000201,02020002713,50.0
02020000201,02020002812,25.0
02020000201,02020980000,20.0
02020000201,02020980100,485.0
02020000201,02020980200,145.0
02020000201,02170000705,10.0
02020000201,02170000800,10.0
02020000201,02170000900,20.0
02020000201,02170001004,4.0
02020000201,02170001100,25.0
02020000201,02170001201,10.0
02020000201,02170001202,10.0
02020000201,22055001425,25.0
02020000202,02020000102,130.0
02020000202,02020000201,215.0
02020000202,02020000202,640.0
02020000202,02020000204,60.0
02020000202,02020000205,45.0
02020000202,02020000500,100.0
02020000202,02020000702,55.0
02020000202,02020000802,15.0
02020000202,02020000901,130.0
02020000202,02020001000,20.0
02020000202,02020001100,175.0
02020000202,02020001200,45.0
02020000202,02020001401,90.0
02020000202,02020001402,4.0
02020000202,02020001500,25.0
02020000202,02020001602,400.0
02020000202,02020001701,4.0
02020000202,02020001702,4.0
02020000202,02020001900,195.0
02020000202,02020002100,70.0
02020000202,02020002301,165.0
02020000202,02020002400,50.0
02020000202,02020002501,10.0
02020000202,02020002502,230.0
02020000202,02020002602,10.0
02020000202,02020002712,50.0
02020000202,02020002713,35.0
02020000202,02020002812,15.0
02020000202,02020002821,15.0
02020000202,02020980000,20.0
02020000202,02020980100,555.0
02020000202,02020980200,10.0
02020000202,02170001004,50.0
02020000202,02170001100,65.0
02020000202,02170001300,45.0
02020000204,02020000101,10.0
02020000204,02020000102,15.0
02020000204,02020000201,175.0
02020000204,02020000202,50.0
02020000204,02020000204,235.0
02020000204,02020000601,20.0
02020000204,02020000701,4.0
02020000204,02020000702,15.0
02020000204,02020000802,4.0
02020000204,02020000901,120.0
02020000204,02020001000,15.0
02020000204,02020001100,150.0
02020000204,02020001500,20.0
02020000204,02020001602,165.0
02020000204,02020001802,15.0
02020000204,02020001900,100.0
02020000204,02020002000,65.0
02020000204,02020002100,20.0
02020000204,02020002201,15.0
02020000204,02020002301,45.0
02020000204,02020002502,10.0
02020000204,02020002712,25.0
02020000204,02020002713,25.0
02020000204,02020980000,10.0
02020000204,02020980100,150.0
02020000204,02020980200,35.0
02020000204,02068000100,10.0
02020000204,02110000100,15.0
02020000204,02170000502,35.0
02020000204,02170000800,10.0
02020000204,02170001100,4.0
02020000204,02170001201,4.0
02020000204,02185000300,4.0
02020000204,47157980100,4.0
02020000205,02020000101,30.0
02020000205,02020000102,80.0
02020000205,02020000201,60.0
02020000205,02020000202,130.0
02020000205,02020000205,495.0
02020000205,02020000206,15.0
02020000205,02020000500,30.0
02020000205,02020000601,15.0
02020000205,02020000701,4.0
02020000205,02020000702,90.0
02020000205,02020000901,110.0
02020000205,02020001000,15.0
02020000205,02020001100,220.0
02020000205,02020001200,50.0
02020000205,02020001401,55.0
02020000205,02020001500,35.0
02020000205,02020001602,150.0
02020000205,02020001701,35.0
02020000205,02020001731,35.0
02020000205,02020001802,60.0
02020000205,02020001900,225.0
02020000205,02020002000,10.0
02020000205,02020002100,35.0
02020000205,02020002301,25.0
02020000205,02020002501,85.0
02020000205,02020002502,50.0
02020000205,02020002601,45.0
02020000205,02020002602,45.0
02020000205,02020002712,20.0
02020000205,02020980100,745.0
02020000205,02020980200,370.0
02020000205,02063000300,20.0
02020000205,02170000603,15.0
02020000205,02170001004,15.0
02020000205,17031833100,15.0
02020000206,02020000101,4.0
02020000206,02020000102,15.0
02020000206,02020000201,20.0
02020000206,02020000202,155.0
02020000206,02020000205,65.0
02020000206,02020000206,135.0
02020000206,02020000601,15.0
02020000206,02020000703,20.0
02020000206,02020000901,35.0
02020000206,02020001000,15.0
02020000206,02020001100,85.0
02020000206,02020001401,10.0
02020000206,02020001402,40.0
02020000206,02020001500,15.0
02020000206,02020001602,170.0
02020000206,02020001802,15.0
02020000206,02020001900,80.0
02020000206,02020002000,15.0
02020000206,02020002100,10.0
02020000206,02020002501,60.0
02020000206,02020002502,45.0
02020000206,02020002602,10.0
02020000206,02020002713,45.0
02020000206,02020980100,85.0
02020000206,02020980200,115.0
02020000500,02020000201,10.0
02020000500,02020000500,70.0
02020000500,02020000601,25.0
02020000500,02020000702,25.0
02020000500,02020000802,10.0
02020000500,02020000901,35.0
02020000500,02020000902,4.0
02020000500,02020001000,30.0
02020000500,02020001100,85.0
02020000500,02020001401,20.0
02020000500,02020001500,15.0
02020000500,02020001602,150.0
02020000500,02020001900,65.0
02020000500,02020002100,15.0
02020000500,02020002301,80.0
02020000500,02020002302,55.0
02020000500,02020002501,10.0
02020000500,02020002502,35.0
02020000500,02020002601,55.0
02020000500,02020002712,20.0
02020000500,02020002812,20.0
02020000500,02020980100,70.0
02020000500,02020980200,4.0
02020000500,06073011700,4.0
02020000500,20103981900,30.0
02020000500,53033004800,15.0
02020000601,02020000500,115.0
02020000601,02020000601,195.0
02020000601,02020000702,25.0
02020000601,02020000801,40.0
02020000601,02020000901,175.0
02020000601,02020001100,90.0
02020000601,02020001200,35.0
02020000601,02020001500,90.0
02020000601,02020001602,125.0
02020000601,02020001701,50.0
02020000601,02020001702,70.0
02020000601,02020001802,4.0
02020000601,02020001900,145.0
02020000601,02020002000,65.0
02020000601,02020002301,30.0
02020000601,02020002501,25.0
02020000601,02020002502,20.0
02020000601,02020002712,185.0
02020000601,02020980100,125.0
02020000601,02020980200,120.0
02020000601,02170000601,40.0
02020000602,02020000601,140.0
02020000602,02020000602,35.0
02020000602,02020000802,55.0
02020000602,02020000901,25.0
02020000602,02020001100,25.0
02020000602,02020001300,10.0
02020000602,02020001601,20.0
02020000602,02020001602,25.0
02020000602,02020001802,30.0
02020000602,02020001900,195.0
02020000602,02020002000,100.0
02020000602,02020002301,10.0
02020000602,02020002501,30.0
02020000602,02020002502,20.0
02020000602,02020002712,80.0
02020000602,02020980100,30.0
02020000701,02020000102,10.0
02020000701,02020000201,15.0
02020000701,02020000701,340.0
02020000701,02020000702,195.0
02020000701,02020000703,10.0
02020000701,02020000801,40.0
02020000701,02020000802,15.0
02020000701,02020000901,55.0
02020000701,02020001000,35.0
02020000701,02020001100,220.0
02020000701,02020001401,30.0
02020000701,02020001500,215.0
02020000701,02020001601,10.0
02020000701,02020001602,340.0
02020000701,02020001701,270.0
02020000701,02020001702,155.0
02020000701,02020001802,45.0
02020000701,02020001900,105.0
02020000701,02020002100,15.0
02020000701,02020002301,210.0
02020000701,02020002501,25.0
02020000701,02020002502,85.0
02020000701,02020002601,135.0
02020000701,02020002711,30.0
02020000701,02020002712,60.0
02020000701,02020002713,10.0
02020000701,02020002811,50.0
02020000701,02020980000,30.0
02020000701,02020980100,330.0
02020000701,02020980200,85.0
02020000702,02020000102,4.0
02020000702,02020000201,4.0
02020000702,02020000204,4.0
02020000702,02020000500,4.0
02020000702,02020000601,85.0
02020000702,02020000602,60.0
02020000702,02020000701,10.0
02020000702,02020000702,495.0
02020000702,02020000801,85.0
02020000702,02020000802,70.0
02020000702,02020000901,95.0
02020000702,02020001000,10.0
02020000702,02020001100,180.0
02020000702,02020001200,45.0
02020000702,02020001401,120.0
02020000702,02020001402,55.0
02020000702,02020001500,55.0
02020000702,02020001601,20.0
02020000702,02020001602,135.0
02020000702,02020001702,35.0
02020000702,02020001731,90.0
02020000702,02020001732,20.0
02020000702,02020001802,80.0
02020000702,02020001900,95.0
02020000702,02020002000,30.0
02020000702,02020002100,4.0
02020000702,02020002301,80.0
02020000702,02020002302,10.0
02020000702,02020002501,4.0
02020000702,02020002502,210.0
02020000702,02020002601,115.0
02020000702,02020002602,4.0
02020000702,02020002712,15.0
02020000702,02020002900,40.0
02020000702,02020980000,4.0
02020000702,02020980100,270.0
02020000702,02020980200,90.0
02020000702,13121980000,10.0
02020000703,02020000102,30.0
02020000703,02020000601,80.0
02020000703,02020000703,225.0
02020000703,02020000802,25.0
02020000703,02020000901,140.0
02020000703,02020001000,15.0
02020000703,02020001100,105.0
02020000703,02020001401,10.0
02020000703,02020001500,35.0
02020000703,02020001601,45.0
02020000703,02020001602,170.0
02020000703,02020001701,15.0
02020000703,02020001731,10.0
02020000703,02020001801,20.0
02020000703,02020001900,250.0
02020000703,02020002000,105.0
02020000703,02020002202,65.0
02020000703,02020002301,150.0
02020000703,02020002501,225.0
02020000703,02020002502,45.0
02020000703,02020002712,140.0
02020000703,02020002822,10.0
02020000703,02020980000,80.0
02020000703,02020980100,140.0
02020000703,02020980200,310.0
02020000703,02170001004,20.0
02020000703,02185000100,15.0
02020000801,02020000201,15.0
02020000801,02020000204,10.0
02020000801,02020000500,45.0
02020000801,02020000601,215.0
02020000801,02020000602,35.0
02020000801,02020000702,205.0
02020000801,02020000801,155.0
02020000801,02020000901,295.0
02020000801,02020001000,125.0
02020000801,02020001100,165.0
02020000801,02020001200,45.0
02020000801,02020001401,95.0
02020000801,02020001500,100.0
02020000801,02020001601,75.0
02020000801,02020001602,165.0
02020000801,02020001702,15.0
02020000801,02020001900,350.0
02020000801,02020002100,30.0
02020000801,02020002201,4.0
02020000801,02020002301,290.0
02020000801,02020002302,75.0
02020000801,02020002400,20.0
02020000801,02020002502,140.0
02020000801,02020002601,85.0
02020000801,02020002712,75.0
02020000801,02020002713,150.0
02020000801,02020002812,40.0
02020000801,02020980000,15.0
02020000801,02020980100,300.0
02020000801,02020980200,15.0
02020000801,30111000901,65.0
02020000801,50007000800,10.0
02020000802,02020000201,30.0
02020000802,02020000202,15.0
02020000802,02020000601,15.0
02020000802,02020000702,100.0
02020000802,02020000703,15.0
02020000802,02020000801,50.0
02020000802,02020000802,150.0
02020000802,02020000901,20.0
02020000802,02020000902,10.0
02020000802,02020001000,20.0
02020000802,02020001100,130.0
02020000802,02020001401,115.0
02020000802,02020001500,10.0
02020000802,02020001601,55.0
02020000802,02020001602,180.0
02020000802,02020001701,25.0
02020000802,02020001702,15.0
02020000802,02020001731,15.0
02020000802,02020001732,4.0
02020000802,02020001802,175.0
02020000802,02020001900,140.0
02020000802,02020002000,45.0
02020000802,02020002100,20.0
02020000802,02020002301,60.0
02020000802,02020002302,55.0
02020000802,02020002305,10.0
02020000802,02020002501,60.0
02020000802,02020002601,40.0
02020000802,02020002712,115.0
02020000802,02020002713,30.0
02020000802,02020002812,10.0
02020000802,02020002821,20.0
02020000802,02020002823,10.0
02020000802,02020980000,30.0
02020000802,02020980100,185.0
02020000802,02020980200,90.0
02020000802,02170000900,10.0
02020000802,02170001004,4.0
02020000802,02180000200,10.0
02020000802,06037901300,4.0
02020000802,53033032500,4.0
02020000901,02020000102,10.0
02020000901,02020000205,10.0
02020000901,02020000500,4.0
02020000901,02020000601,15.0
02020000901,02020000702,50.0
02020000901,02020000703,4.0
02020000901,02020000801,60.0
02020000901,02020000901,310.0
02020000901,02020001000,4.0
02020000901,02020001100,70.0
02020000901,02020001200,35.0
02020000901,02020001401,90.0
02020000901,02020001500,70.0
02020000901,02020001601,85.0
02020000901,02020001602,100.0
02020000901,02020001731,20.0
02020000901,02020001900,265.0
02020000901,02020002000,30.0
02020000901,02020002202,20.0
02020000901,02020002301,50.0
02020000901,02020002501,20.0
02020000901,02020002502,70.0
02020000901,02020002601,25.0
02020000901,02020002712,65.0
02020000901,02020002713,4.0
02020000901,02020002811,10.0
02020000901,02020002812,20.0
02020000901,02020980000,15.0
02020000901,02020980100,75.0
02020000902,02020000102,25.0
02020000902,02020000201,20.0
02020000902,02020000601,50.0
02020000902,02020000702,30.0
02020000902,02020000901,30.0
02020000902,02020000902,245.0
02020000902,02020001000,20.0
02020000902,02020001100,105.0
02020000902,02020001200,10.0
02020000902,02020001401,75.0
02020000902,02020001500,4.0
02020000902,02020001602,130.0
02020000902,02020001701,25.0
02020000902,02020001802,10.0
02020000902,02020001900,130.0
02020000902,02020002000,4.0
02020000902,02020002301,80.0
02020000902,02020002302,10.0
02020000902,02020002501,95.0
02020000902,02020002502,15.0
02020000902,02020002601,55.0
02020000902,02020002712,55.0
02020000902,02020002713,30.0
02020000902,02020002812,75.0
02020000902,02020002821,30.0
02020000902,02020002823,10.0
02020000902,02020980100,15.0
02020000902,02020980200,15.0
02020001000,02020000201,25.0
02020001000,02020000500,55.0
02020001000,02020000801,20.0
02020001000,02020000802,20.0
02020001000,02020000901,35.0
02020001000,02020001000,400.0
02020001000,02020001100,130.0
02020001000,02020001401,130.0
02020001000,02020001500,15.0
02020001000,02020001602,130.0
02020001000,02020001801,55.0
02020001000,02020001900,165.0
02020001000,02020002000,4.0
02020001000,02020002100,30.0
02020001000,02020002301,15.0
02020001000,02020002305,10.0
02020001000,02020002502,60.0
02020001000,02020002712,20.0
02020001000,02020002821,10.0
02020001000,02020980100,115.0
02020001000,02020980200,110.0
02020001100,02020000901,4.0
02020001100,02020001100,40.0
02020001100,02020001200,25.0
02020001100,02020001602,4.0
02020001100,02020001802,10.0
02020001100,02020002501,4.0
02020001100,02020002502,65.0
02020001100,02020002601,20.0
02020001100,02020002713,4.0
02020001100,02020980100,75.0
02020001100,02170001100,4.0
02020001200,02020000201,20.0
02020001200,02020000500,15.0
02020001200,02020000601,20.0
02020001200,02020000901,190.0
02020001200,02020001000,50.0
02020001200,02020001100,265.0
02020001200,02020001200,370.0
02020001200,02020001300,4.0
02020001200,02020001401,75.0
02020001200,02020001402,15.0
02020001200,02020001500,55.0
02020001200,02020001601,15.0
02020001200,02020001602,180.0
02020001200,02020001701,30.0
02020001200,02020001802,65.0
02020001200,02020001900,300.0
02020001200,02020002000,20.0
02020001200,02020002202,10.0
02020001200,02020002301,90.0
02020001200,02020002501,25.0
02020001200,02020002502,25.0
02020001200,02020002601,25.0
02020001200,02020002712,30.0
02020001200,02020980100,50.0
02020001200,02020980200,60.0
02020001200,02170000603,20.0
02020001200,02170001004,10.0
02020001200,06037297502,15.0
02020001200,06037920339,15.0
02020001300,02020000202,20.0
02020001300,02020000500,10.0
02020001300,02020000601,40.0
02020001300,02020000701,15.0
02020001300,02020000702,10.0
02020001300,02020000801,15.0
02020001300,02020000901,35.0
02020001300,02020001000,40.0
02020001300,02020001100,225.0
02020001300,02020001200,15.0
02020001300,02020001300,185.0
02020001300,02020001401,90.0
02020001300,02020001402,60.0
02020001300,02020001500,80.0
02020001300,02020001601,40.0
02020001300,02020001602,130.0
02020001300,02020001701,10.0
02020001300,02020001900,130.0
02020001300,02020002000,45.0
02020001300,02020002100,35.0
02020001300,02020002202,35.0
02020001300,02020002301,115.0
02020001300,02020002501,35.0
02020001300,02020002502,30.0
02020001300,02020002601,25.0
02020001300,02020002712,35.0
02020001300,02020002813,10.0
02020001300,02020002900,20.0
02020001300,02020980000,10.0
02020001300,02020980100,20.0
02020001401,02020000601,10.0
02020001401,02020000702,25.0
02020001401,02020000901,260.0
02020001401,02020001100,185.0
02020001401,02020001200,40.0
02020001401,02020001401,245.0
02020001401,02020001402,15.0
02020001401,02020001500,55.0
02020001401,02020001602,35.0
02020001401,02020001900,135.0
02020001401,02020002000,25.0
02020001401,02020002301,55.0
02020001401,02020002502,20.0
02020001401,02020002601,25.0
02020001401,02020002712,25.0
02020001401,02020980100,100.0
02020001401,02110000500,40.0
02020001401,15003008945,25.0
02020001402,02020000201,4.0
02020001402,02020000601,15.0
02020001402,02020000901,70.0
02020001402,02020001100,25.0
02020001402,02020001401,70.0
02020001402,02020001402,80.0
02020001402,02020001602,40.0
02020001402,02020001900,405.0
02020001402,02020002000,45.0
02020001402,02020002301,25.0
02020001402,02020002305,15.0
02020001402,02020002400,20.0
02020001402,02020002501,20.0
02020001402,02020002502,50.0
02020001402,02020002712,40.0
02020001402,02068000100,10.0
02020001500,02020000601,45.0
02020001500,02020000602,15.0
02020001500,02020000702,15.0
02020001500,02020000801,30.0
02020001500,02020000802,75.0
02020001500,02020000901,40.0
02020001500,02020001000,15.0
02020001500,02020001100,215.0
02020001500,02020001300,25.0
02020001500,02020001401,140.0
02020001500,02020001402,30.0
02020001500,02020001500,670.0
02020001500,02020001601,35.0
02020001500,02020001602,235.0
02020001500,02020001731,15.0
02020001500,02020001802,75.0
02020001500,02020001900,85.0
02020001500,02020002000,100.0
02020001500,02020002100,15.0
02020001500,02020002301,130.0
02020001500,02020002400,40.0
02020001500,02020002501,4.0
02020001500,02020002502,55.0
02020001500,02020002712,25.0
02020001500,02020002713,10.0
02020001500,02020002811,15.0
02020001500,02020002900,15.0
02020001500,02020980100,125.0
02020001500,02020980200,10.0
02020001500,02170000800,4.0
02020001500,02170001003,10.0
02020001500,02185000300,4.0
02020001601,02020000102,25.0
02020001601,02020000201,10.0
02020001601,02020000204,10.0
02020001601,02020000500,10.0
02020001601,02020000701,10.0
02020001601,02020000702,105.0
02020001601,02020000801,30.0
02020001601,02020000802,15.0
02020001601,02020000901,85.0
02020001601,02020001100,65.0
02020001601,02020001200,10.0
02020001601,02020001401,25.0
02020001601,02020001402,10.0
02020001601,02020001500,50.0
02020001601,02020001601,140.0
02020001601,02020001602,285.0
02020001601,02020001701,4.0
02020001601,02020001702,10.0
02020001601,02020001731,10.0
02020001601,02020001801,4.0
02020001601,02020001802,65.0
02020001601,02020001900,240.0
02020001601,02020002000,50.0
02020001601,02020002100,40.0
02020001601,02020002301,265.0
02020001601,02020002400,15.0
02020001601,02020002501,75.0
02020001601,02020002502,115.0
02020001601,02020002601,10.0
02020001601,02020002712,90.0
02020001601,02020002713,70.0
02020001601,02020002811,15.0
02020001601,02020002812,10.0
02020001601,02020002821,4.0
02020001601,02020980000,10.0
02020001601,02020980100,60.0
02020001601,02020980200,30.0
02020001601,02110000200,10.0
02020001601,02170001100,4.0
02020001602,02020000102,10.0
02020001602,02020000201,35.0
02020001602,02020000202,10.0
02020001602,02020000500,15.0
02020001602,02020000602,25.0
02020001602,02020000702,15.0
02020001602,02020000703,35.0
02020001602,02020000801,25.0
02020001602,02020000802,35.0
02020001602,02020000901,95.0
02020001602,02020001000,25.0
02020001602,02020001100,195.0
02020001602,02020001200,80.0
02020001602,02020001401,115.0
02020001602,02020001402,25.0
02020001602,02020001500,35.0
02020001602,02020001602,670.0
02020001602,02020001701,45.0
02020001602,02020001731,15.0
02020001602,02020001900,270.0
02020001602,02020002201,15.0
02020001602,02020002301,45.0
02020001602,02020002501,4.0
02020001602,02020002502,30.0
02020001602,02020002601,40.0
02020001602,02020002711,4.0
02020001602,02020002712,50.0
02020001602,02020002811,15.0
02020001602,02020980000,20.0
02020001602,02020980100,40.0
02020001602,02020980200,30.0
02020001701,02020000201,20.0
02020001701,02020000500,15.0
02020001701,02020000601,105.0
02020001701,02020000602,25.0
02020001701,02020000701,55.0
02020001701,02020000702,90.0
02020001701,02020000703,25.0
02020001701,02020000802,35.0
02020001701,02020000901,115.0
02020001701,02020001000,55.0
02020001701,02020001100,455.0
02020001701,02020001200,20.0
02020001701,02020001401,25.0
02020001701,02020001500,80.0
02020001701,02020001601,15.0
02020001701,02020001602,230.0
02020001701,02020001701,325.0
02020001701,02020001731,55.0
02020001701,02020001732,25.0
02020001701,02020001802,50.0
02020001701,02020001900,280.0
02020001701,02020002000,35.0
02020001701,02020002100,25.0
02020001701,02020002301,110.0
02020001701,02020002305,80.0
02020001701,02020002501,40.0
02020001701,02020002502,70.0
02020001701,02020002601,105.0
02020001701,02020002602,10.0
02020001701,02020002712,105.0
02020001701,02020002821,20.0
02020001701,02020002900,15.0
02020001701,02020980000,60.0
02020001701,02020980100,285.0
02020001701,02020980200,40.0
02020001702,02020000201,4.0
02020001702,02020000601,60.0
02020001702,02020000702,60.0
02020001702,02020000703,15.0
02020001702,02020000802,25.0
02020001702,02020000901,70.0
02020001702,02020000902,15.0
02020001702,02020001000,90.0
02020001702,02020001100,110.0
02020001702,02020001200,20.0
02020001702,02020001300,40.0
02020001702,02020001401,170.0
02020001702,02020001402,60.0
02020001702,02020001601,30.0
02020001702,02020001602,165.0
02020001702,02020001701,30.0
02020001702,02020001702,175.0
02020001702,02020001731,65.0
02020001702,02020001802,20.0
02020001702,02020001900,250.0
02020001702,02020002000,35.0
02020001702,02020002301,125.0
02020001702,02020002302,15.0
02020001702,02020002400,10.0
02020001702,02020002501,40.0
02020001702,02020002502,95.0
02020001702,02020002601,20.0
02020001702,02020002712,55.0
02020001702,02020002713,60.0
02020001702,02020002811,30.0
02020001702,02020002812,4.0
02020001702,02020980100,90.0
02020001702,02020980200,35.0
02020001702,02170000800,4.0
02020001702,02170001100,15.0
02020001731,02020000102,15.0
02020001731,02020000500,65.0
02020001731,02020000601,120.0
02020001731,02020000602,65.0
02020001731,02020000701,10.0
02020001731,02020000702,115.0
02020001731,02020000801,90.0
02020001731,02020000901,110.0
02020001731,02020001000,35.0
02020001731,02020001100,55.0
02020001731,02020001200,40.0
02020001731,02020001401,90.0
02020001731,02020001500,20.0
02020001731,02020001601,4.0
02020001731,02020001602,170.0
02020001731,02020001701,95.0
02020001731,02020001731,320.0
02020001731,02020001900,350.0
02020001731,02020002000,70.0
02020001731,02020002301,120.0
02020001731,02020002400,10.0
02020001731,02020002502,15.0
02020001731,02020002601,40.0
02020001731,02020002712,30.0
02020001731,02020980100,130.0
02020001731,02020980200,15.0
02020001731,02170001201,25.0
02020001732,02020000204,10.0
02020001732,02020000500,15.0
02020001732,02020000702,55.0
02020001732,02020000703,15.0
02020001732,02020000901,30.0
02020001732,02020001000,110.0
02020001732,02020001100,30.0
02020001732,02020001300,45.0
02020001732,02020001401,115.0
02020001732,02020001500,20.0
02020001732,02020001601,20.0
02020001732,02020001602,380.0
02020001732,02020001702,10.0
02020001732,02020001731,10.0
02020001732,02020001732,225.0
02020001732,02020001802,105.0
02020001732,02020001900,210.0
02020001732,02020002100,90.0
02020001732,02020002301,265.0
02020001732,02020002501,15.0
02020001732,02020002502,155.0
02020001732,02020002601,40.0
02020001732,02020002712,195.0
02020001732,02020002811,10.0
02020001732,02020002812,10.0
02020001732,02020002823,15.0
02020001732,02020980100,90.0
02020001732,02020980200,90.0
02020001801,02020000601,20.0
02020001801,02020000701,25.0
02020001801,02020000702,25.0
02020001801,02020000703,15.0
02020001801,02020000802,25.0
02020001801,02020000901,220.0
02020001801,02020001100,195.0
02020001801,02020001200,20.0
02020001801,02020001401,45.0
02020001801,02020001402,20.0
02020001801,02020001500,15.0
02020001801,02020001602,400.0
02020001801,02020001701,75.0
02020001801,02020001801,135.0
02020001801,02020001802,70.0
02020001801,02020001900,225.0
02020001801,02020002000,30.0
02020001801,02020002202,10.0
02020001801,02020002301,130.0
02020001801,02020002400,55.0
02020001801,02020002501,215.0
02020001801,02020002502,185.0
02020001801,02020002601,40.0
02020001801,02020002602,45.0
02020001801,02020002712,125.0
02020001801,02020002823,15.0
02020001801,02020980100,85.0
02020001801,02020980200,20.0
02020001802,02020000500,45.0
02020001802,02020000601,20.0
02020001802,02020000702,50.0
02020001802,02020000801,4.0
02020001802,02020000901,80.0
02020001802,02020001000,15.0
02020001802,02020001100,185.0
02020001802,02020001401,50.0
02020001802,02020001402,35.0
02020001802,02020001500,115.0
02020001802,02020001602,345.0
02020001802,02020001801,25.0
02020001802,02020001802,315.0
02020001802,02020001900,170.0
02020001802,02020002301,360.0
02020001802,02020002501,50.0
02020001802,02020002502,150.0
02020001802,02020002601,110.0
02020001802,02020002712,135.0
02020001802,02020002811,4.0
02020001802,02020980100,225.0
02020001900,02020000201,20.0
02020001900,02020000500,4.0
02020001900,02020000601,70.0
02020001900,02020000701,20.0
02020001900,02020000702,40.0
02020001900,02020000801,4.0
02020001900,02020000901,100.0
02020001900,02020001000,40.0
02020001900,02020001100,120.0
02020001900,02020001200,10.0
02020001900,02020001401,50.0
02020001900,02020001500,15.0
02020001900,02020001601,45.0
02020001900,02020001602,90.0
02020001900,02020001731,10.0
02020001900,02020001802,4.0
02020001900,02020001900,320.0
02020001900,02020002000,40.0
02020001900,02020002100,4.0
02020001900,02020002301,90.0
02020001900,02020002302,4.0
02020001900,02020002400,20.0
02020001900,02020002501,75.0
02020001900,02020002502,40.0
02020001900,02020002601,35.0
02020001900,02020002712,10.0
02020001900,02020002713,4.0
02020001900,02020002811,10.0
02020001900,02020002822,15.0
02020001900,02020980100,40.0
02020001900,02170000900,10.0
02020001900,02170001201,10.0
02020001900,15003003102,10.0
02020001900,42101980300,65.0
02020002000,02020000101,10.0
02020002000,02020000205,15.0
02020002000,02020000601,40.0
02020002000,02020000701,10.0
02020002000,02020000901,20.0
02020002000,02020001000,25.0
02020002000,02020001100,90.0
02020002000,02020001401,75.0
02020002000,02020001500,50.0
02020002000,02020001602,275.0
02020002000,02020001701,10.0
02020002000,02020001802,10.0
02020002000,02020001900,285.0
02020002000,02020002000,95.0
02020002000,02020002100,60.0
02020002000,02020002301,160.0
02020002000,02020002304,45.0
02020002000,02020002502,55.0
02020002000,02020002601,30.0
02020002000,02020002712,65.0
02020002000,02020002812,15.0
02020002000,02020002813,15.0
02020002000,02020002823,10.0
02020002000,02020980100,30.0
02020002000,02020980200,10.0
02020002100,02020000101,10.0
02020002100,02020000201,45.0
02020002100,02020000500,10.0
02020002100,02020000601,30.0
02020002100,02020000702,25.0
02020002100,02020000901,20.0
02020002100,02020001000,15.0
02020002100,02020001100,115.0
02020002100,02020001200,50.0
02020002100,02020001300,15.0
02020002100,02020001401,10.0
02020002100,02020001601,15.0
02020002100,02020001602,115.0
02020002100,02020001701,4.0
02020002100,02020001802,60.0
02020002100,02020001900,385.0
02020002100,02020002000,90.0
02020002100,02020002100,115.0
02020002100,02020002201,10.0
02020002100,02020002301,120.0
02020002100,02020002302,10.0
02020002100,02020002400,45.0
02020002100,02020002502,70.0
02020002100,02020002601,65.0
02020002100,02020002712,100.0
02020002100,02020002713,25.0
02020002100,02020980000,25.0
02020002100,02020980100,60.0
02020002100,02020980200,15.0
02020002201,02020000201,10.0
02020002201,02020000601,20.0
02020002201,02020000702,20.0
02020002201,02020000703,4.0
02020002201,02020000802,4.0
02020002201,02020000901,100.0
02020002201,02020001000,80.0
02020002201,02020001100,255.0
02020002201,02020001200,10.0
02020002201,02020001300,20.0
02020002201,02020001401,60.0
02020002201,02020001402,4.0
02020002201,02020001500,10.0
02020002201,02020001601,4.0
02020002201,02020001602,210.0
02020002201,02020001701,15.0
02020002201,02020001702,10.0
02020002201,02020001802,10.0
02020002201,02020001900,350.0
02020002201,02020002000,45.0
02020002201,02020002100,35.0
02020002201,02020002201,270.0
02020002201,02020002202,10.0
02020002201,02020002301,325.0
02020002201,02020002302,4.0
02020002201,02020002400,10.0
02020002201,02020002501,50.0
02020002201,02020002502,210.0
02020002201,02020002601,70.0
02020002201,02020002712,140.0
02020002201,02020002713,35.0
02020002201,02020002812,15.0
02020002201,02020002821,15.0
02020002201,02020980100,95.0
02020002201,02020980200,35.0
02020002201,02170000300,10.0
02020002202,02020000601,50.0
02020002202,02020000703,4.0
02020002202,02020000801,10.0
02020002202,02020000901,20.0
02020002202,02020001000,30.0
02020002202,02020001100,120.0
02020002202,02020001300,4.0
02020002202,02020001401,20.0
02020002202,02020001402,20.0
02020002202,02020001500,30.0
02020002202,02020001601,4.0
02020002202,02020001602,80.0
02020002202,02020001731,15.0
02020002202,02020001802,30.0
02020002202,02020001900,75.0
02020002202,02020002000,10.0
02020002202,02020002100,20.0
02020002202,02020002202,260.0
02020002202,02020002301,150.0
02020002202,02020002302,4.0
02020002202,02020002400,25.0
02020002202,02020002501,20.0
02020002202,02020002502,110.0
02020002202,02020002601,40.0
02020002202,02020002712,20.0
02020002202,02020002713,10.0
02020002202,02020002811,4.0
02020002202,02020002812,4.0
02020002202,02020980200,10.0
02020002202,02170001202,10.0
02020002202,06073006200,4.0
02020002202,48113014124,4.0
02020002301,02020000102,30.0
02020002301,02020000500,60.0
02020002301,02020000601,25.0
02020002301,02020000702,4.0
02020002301,02020000901,145.0
02020002301,02020001000,105.0
02020002301,02020001100,225.0
02020002301,02020001200,25.0
02020002301,02020001401,85.0
02020002301,02020001500,35.0
02020002301,02020001601,4.0
02020002301,02020001602,235.0
02020002301,02020001701,165.0
02020002301,02020001731,10.0
02020002301,02020001900,535.0
02020002301,02020002000,75.0
02020002301,02020002100,45.0
02020002301,02020002301,0.0
02020002301,02020002501,235.0
02020002301,02020002502,315.0
02020002301,02020002601,80.0
02020002301,02020002711,10.0
02020002301,02020002712,205.0
02020002301,02020002811,95.0
02020002301,02020002812,20.0
02020002301,02020980100,35.0
02020002301,02090001600,30.0
02020002301,02122001300,20.0
02020002302,02020000201,4.0
02020002302,02020000702,25.0
02020002302,02020000703,10.0
02020002302,02020000901,135.0
02020002302,02020001000,15.0
02020002302,02020001100,235.0
02020002302,02020001401,50.0
02020002302,02020001500,105.0
02020002302,02020001601,4.0
02020002302,02020001602,205.0
02020002302,02020001701,4.0
02020002302,02020001802,40.0
02020002302,02020001900,165.0
02020002302,02020002000,10.0
02020002302,02020002100,4.0
02020002302,02020002202,25.0
02020002302,02020002301,230.0
02020002302,02020002302,240.0
02020002302,02020002304,45.0
02020002302,02020002305,55.0
02020002302,02020002501,75.0
02020002302,02020002502,150.0
02020002302,02020002601,100.0
02020002302,02020002711,10.0
02020002302,02020002712,180.0
02020002302,02020002713,105.0
02020002302,02020002812,4.0
02020002302,02020002821,4.0
02020002302,02020002823,4.0
02020002302,02020980000,10.0
02020002302,02020980100,25.0
02020002302,02020980200,25.0
02020002302,02122000300,4.0
02020002304,02020000102,50.0
02020002304,02020000601,45.0
02020002304,02020000602,35.0
02020002304,02020000702,15.0
02020002304,02020000703,20.0
02020002304,02020000901,75.0
02020002304,02020001000,100.0
02020002304,02020001100,60.0
02020002304,02020001200,40.0
02020002304,02020001300,35.0
02020002304,02020001401,115.0
02020002304,02020001402,25.0
02020002304,02020001500,25.0
02020002304,02020001601,20.0
02020002304,02020001602,245.0
02020002304,02020001701,30.0
02020002304,02020001731,110.0
02020002304,02020001802,15.0
02020002304,02020001900,200.0
02020002304,02020002301,415.0
02020002304,02020002304,425.0
02020002304,02020002305,85.0
02020002304,02020002400,35.0
02020002304,02020002501,110.0
02020002304,02020002502,170.0
02020002304,02020002601,210.0
02020002304,02020002602,15.0
02020002304,02020002603,4.0
02020002304,02020002711,15.0
02020002304,02020002712,265.0
02020002304,02020002713,90.0
02020002304,02020002813,20.0
02020002304,02020980000,20.0
02020002304,02020980100,170.0
02020002305,02020000702,25.0
02020002305,02020000801,60.0
02020002305,02020000901,25.0
02020002305,02020001100,60.0
02020002305,02020001200,30.0
02020002305,02020001401,20.0
02020002305,02020001500,20.0
02020002305,02020001601,4.0
02020002305,02020001602,165.0
02020002305,02020001900,25.0
02020002305,02020002000,30.0
02020002305,02020002301,80.0
02020002305,02020002304,15.0
02020002305,02020002305,155.0
02020002305,02020002501,20.0
02020002305,02020002502,155.0
02020002305,02020002601,40.0
02020002305,02020002711,50.0
02020002305,02020002712,85.0
02020002305,02020002713,95.0
02020002305,02020002812,55.0
02020002305,02020002900,80.0
02020002305,02020980000,4.0
02020002305,02020980100,40.0
02020002305,02170000900,20.0
02020002400,02020000202,15.0
02020002400,02020000205,4.0
02020002400,02020000500,30.0
02020002400,02020000601,10.0
02020002400,02020000802,40.0
02020002400,02020000901,35.0
02020002400,02020001000,10.0
02020002400,02020001100,70.0
02020002400,02020001401,35.0
02020002400,02020001500,20.0
02020002400,02020001602,30.0
02020002400,02020001701,20.0
02020002400,02020001801,30.0
02020002400,02020001900,110.0
02020002400,02020002000,35.0
02020002400,02020002202,4.0
02020002400,02020002301,130.0
02020002400,02020002305,10.0
02020002400,02020002400,300.0
02020002400,02020002501,110.0
02020002400,02020002502,150.0
02020002400,02020002712,110.0
02020002400,02020002713,10.0
02020002400,02020002811,10.0
02020002400,02020980000,40.0
02020002400,02020980100,25.0
02020002400,02020980200,25.0
02020002400,02170001202,10.0
02020002501,02020000500,10.0
02020002501,02020000601,35.0
02020002501,02020000702,10.0
02020002501,02020000802,10.0
02020002501,02020000901,140.0
02020002501,02020001000,15.0
02020002501,02020001100,120.0
02020002501,02020001200,10.0
02020002501,02020001401,60.0
02020002501,02020001402,15.0
02020002501,02020001500,20.0
02020002501,02020001601,4.0
02020002501,02020001602,135.0
02020002501,02020001701,10.0
02020002501,02020001802,35.0
02020002501,02020001900,315.0
02020002501,02020002000,40.0
02020002501,02020002202,4.0
02020002501,02020002301,135.0
02020002501,02020002302,80.0
02020002501,02020002400,10.0
02020002501,02020002501,290.0
02020002501,02020002502,165.0
02020002501,02020002601,75.0
02020002501,02020002712,130.0
02020002501,02020002713,110.0
02020002501,02020002714,30.0
02020002501,02020002822,20.0
02020002501,02020980000,4.0
02020002501,02020980100,15.0
02020002501,02170000502,10.0
02020002502,02020000201,20.0
02020002502,02020000601,35.0
02020002502,02020000701,20.0
02020002502,02020000702,80.0
02020002502,02020000901,185.0
02020002502,02020001000,30.0
02020002502,02020001100,430.0
02020002502,02020001200,15.0
02020002502,02020001401,60.0
02020002502,02020001500,150.0
02020002502,02020001601,35.0
02020002502,02020001602,195.0
02020002502,02020001701,45.0
02020002502,02020001801,15.0
02020002502,02020001802,15.0
02020002502,02020001900,565.0
02020002502,02020002000,15.0
02020002502,02020002301,140.0
02020002502,02020002304,15.0
02020002502,02020002305,15.0
02020002502,02020002501,55.0
02020002502,02020002502,665.0
02020002502,02020002601,65.0
02020002502,02020002711,10.0
02020002502,02020002712,100.0
02020002502,02020002713,10.0
02020002502,02020002821,40.0
02020002502,02020980000,50.0
02020002502,02020980100,35.0
02020002502,02020980200,25.0
02020002502,02090001600,20.0
02020002601,02020000201,10.0
02020002601,02020000500,10.0
02020002601,02020000601,30.0
02020002601,02020000701,30.0
02020002601,02020000702,30.0
02020002601,02020000802,4.0
02020002601,02020000901,35.0
02020002601,02020001000,20.0
02020002601,02020001100,230.0
02020002601,02020001200,10.0
02020002601,02020001300,15.0
02020002601,02020001401,90.0
02020002601,02020001402,30.0
02020002601,02020001500,15.0
02020002601,02020001601,4.0
02020002601,02020001602,185.0
02020002601,02020001701,45.0
02020002601,02020001702,4.0
02020002601,02020001731,15.0
02020002601,02020001732,4.0
02020002601,02020001801,4.0
02020002601,02020001802,75.0
02020002601,02020001900,165.0
02020002601,02020002000,55.0
02020002601,02020002100,4.0
02020002601,02020002301,205.0
02020002601,02020002305,15.0
02020002601,02020002400,120.0
02020002601,02020002501,50.0
02020002601,02020002502,125.0
02020002601,02020002601,270.0
02020002601,02020002712,110.0
02020002601,02020002713,15.0
02020002601,02020002811,20.0
02020002601,02020002812,15.0
02020002601,02020002821,4.0
02020002601,02020980000,10.0
02020002601,02020980100,40.0
02020002601,02020980200,55.0
02020002601,02090001000,10.0
02020002601,30111000902,30.0
02020002602,02020000202,20.0
02020002602,02020000204,4.0
02020002602,02020000500,20.0
02020002602,02020000601,10.0
02020002602,02020000602,15.0
02020002602,02020000701,10.0
02020002602,02020000702,50.0
02020002602,02020000703,10.0
02020002602,02020000801,20.0
02020002602,02020000802,10.0
02020002602,02020000901,180.0
02020002602,02020001000,30.0
02020002602,02020001100,150.0
02020002602,02020001200,35.0
02020002602,02020001401,35.0
02020002602,02020001500,35.0
02020002602,02020001601,20.0
02020002602,02020001602,240.0
02020002602,02020001701,20.0
02020002602,02020001801,50.0
02020002602,02020001802,35.0
02020002602,02020001900,540.0
02020002602,02020002000,40.0
02020002602,02020002301,70.0
02020002602,02020002302,10.0
02020002602,02020002400,10.0
02020002602,02020002501,195.0
02020002602,02020002502,65.0
02020002602,02020002601,140.0
02020002602,02020002602,125.0
02020002602,02020002711,15.0
02020002602,02020002712,260.0
02020002602,02020002811,80.0
02020002602,02020002812,200.0
02020002602,02020002821,15.0
02020002602,02020980100,175.0
02020002602,02020980200,15.0
02020002602,39049980000,10.0
02020002603,02020000202,35.0
02020002603,02020000601,35.0
02020002603,02020000703,20.0
02020002603,02020000802,4.0
02020002603,02020000901,120.0
02020002603,02020001000,45.0
02020002603,02020001100,295.0
02020002603,02020001200,55.0
02020002603,02020001401,100.0
02020002603,02020001500,25.0
02020002603,02020001601,15.0
02020002603,02020001602,260.0
02020002603,02020001701,15.0
02020002603,02020001802,60.0
02020002603,02020001900,330.0
02020002603,02020002000,50.0
02020002603,02020002301,120.0
02020002603,02020002302,40.0
02020002603,02020002400,60.0
02020002603,02020002501,20.0
02020002603,02020002502,120.0
02020002603,02020002601,160.0
02020002603,02020002603,340.0
02020002603,02020002712,225.0
02020002603,02020002713,15.0
02020002603,02020002821,10.0
02020002603,02020980000,75.0
02020002603,02020980100,80.0
02020002711,02020000202,75.0
02020002711,02020000601,55.0
02020002711,02020000602,15.0
02020002711,02020000702,10.0
02020002711,02020000901,50.0
02020002711,02020001000,25.0
02020002711,02020001100,220.0
02020002711,02020001200,35.0
02020002711,02020001300,40.0
02020002711,02020001401,100.0
02020002711,02020001500,50.0
02020002711,02020001602,390.0
02020002711,02020001701,35.0
02020002711,02020001702,4.0
02020002711,02020001731,10.0
02020002711,02020001802,20.0
02020002711,02020001900,155.0
02020002711,02020002000,40.0
02020002711,02020002100,15.0
02020002711,02020002202,15.0
02020002711,02020002301,245.0
02020002711,02020002305,20.0
02020002711,02020002501,75.0
02020002711,02020002502,170.0
02020002711,02020002601,70.0
02020002711,02020002602,15.0
02020002711,02020002711,370.0
02020002711,02020002712,190.0
02020002711,02020002713,45.0
02020002711,02020002812,35.0
02020002711,02020002823,4.0
02020002711,02020980100,65.0
02020002711,02020980200,15.0
02020002711,48135002300,10.0
02020002712,01015000700,15.0
02020002712,02020000204,15.0
02020002712,02020000205,80.0
02020002712,02020000500,55.0
02020002712,02020000601,70.0
02020002712,02020000701,10.0
02020002712,02020000702,55.0
02020002712,02020000703,35.0
02020002712,02020000901,145.0
02020002712,02020001000,60.0
02020002712,02020001100,255.0
02020002712,02020001200,45.0
02020002712,02020001401,75.0
02020002712,02020001500,30.0
02020002712,02020001601,35.0
02020002712,02020001602,435.0
02020002712,02020001701,20.0
02020002712,02020001702,15.0
02020002712,02020001731,15.0
02020002712,02020001801,35.0
02020002712,02020001802,15.0
02020002712,02020001900,445.0
02020002712,02020002000,35.0
02020002712,02020002201,45.0
02020002712,02020002301,205.0
02020002712,02020002302,65.0
02020002712,02020002304,20.0
02020002712,02020002400,100.0
02020002712,02020002501,80.0
02020002712,02020002502,105.0
02020002712,02020002601,55.0
02020002712,02020002602,20.0
02020002712,02020002711,15.0
02020002712,02020002712,420.0
02020002712,02020002713,100.0
02020002712,02020002811,4.0
02020002712,02020002812,135.0
02020002712,02020002813,20.0
02020002712,02020002821,10.0
02020002712,02020980100,160.0
02020002712,02020980200,60.0
02020002713,02020000500,20.0
02020002713,02020000601,20.0
02020002713,02020000702,15.0
02020002713,02020000901,30.0
02020002713,02020001000,25.0
02020002713,02020001100,135.0
02020002713,02020001200,15.0
02020002713,02020001401,70.0
02020002713,02020001402,15.0
02020002713,02020001500,25.0
02020002713,02020001601,15.0
02020002713,02020001602,70.0
02020002713,02020001701,25.0
02020002713,02020001900,210.0
02020002713,02020002100,15.0
02020002713,02020002301,100.0
02020002713,02020002304,20.0
02020002713,02020002501,45.0
02020002713,02020002502,85.0
02020002713,02020002601,75.0
02020002713,02020002712,90.0
02020002713,02020002713,495.0
02020002713,02020002714,40.0
02020002713,02020002812,15.0
02020002713,02020002821,20.0
02020002713,02020980000,10.0
02020002713,02020980100,110.0
02020002713,02020980200,15.0
02020002713,02170001004,20.0
02020002713,53033028402,20.0
02020002714,02020000205,15.0
02020002714,02020000500,20.0
02020002714,02020000601,10.0
02020002714,02020000702,10.0
02020002714,02020001000,95.0
02020002714,02020001100,230.0
02020002714,02020001200,10.0
02020002714,02020001401,55.0
02020002714,02020001500,50.0
02020002714,02020001601,15.0
02020002714,02020001602,100.0
02020002714,02020001701,20.0
02020002714,02020001702,4.0
02020002714,02020001802,35.0
02020002714,02020001900,235.0
02020002714,02020002000,60.0
02020002714,02020002100,15.0
02020002714,02020002301,140.0
02020002714,02020002302,20.0
02020002714,02020002305,30.0
02020002714,02020002501,60.0
02020002714,02020002502,145.0
02020002714,02020002601,25.0
02020002714,02020002712,50.0
02020002714,02020002713,75.0
02020002714,02020002714,315.0
02020002714,02020002811,30.0
02020002714,02020002813,10.0
02020002714,02020002821,15.0
02020002714,02020980000,30.0
02020002714,02020980100,90.0
02020002714,02020980200,30.0
02020002714,02110000500,20.0
02020002714,02170000800,10.0
02020002811,02020000500,15.0
02020002811,02020000703,10.0
02020002811,02020000802,85.0
02020002811,02020000901,40.0
02020002811,02020000902,35.0
02020002811,02020001000,60.0
02020002811,02020001100,260.0
02020002811,02020001200,135.0
02020002811,02020001300,55.0
02020002811,02020001401,15.0
02020002811,02020001500,135.0
02020002811,02020001602,135.0
02020002811,02020001701,15.0
02020002811,02020001702,25.0
02020002811,02020001731,10.0
02020002811,02020001801,150.0
02020002811,02020001802,55.0
02020002811,02020001900,200.0
02020002811,02020002100,25.0
02020002811,02020002201,10.0
02020002811,02020002301,125.0
02020002811,02020002501,4.0
02020002811,02020002502,125.0
02020002811,02020002601,25.0
02020002811,02020002603,30.0
02020002811,02020002712,200.0
02020002811,02020002713,25.0
02020002811,02020002811,230.0
02020002811,02020002821,15.0
02020002811,02020980000,40.0
02020002811,02020980100,105.0
02020002811,02170001100,90.0
02020002811,02185000300,15.0
02020002812,02020000500,20.0
02020002812,02020000601,90.0
02020002812,02020000703,25.0
02020002812,02020000802,15.0
02020002812,02020000901,85.0
02020002812,02020000902,15.0
02020002812,02020001000,55.0
02020002812,02020001100,440.0
02020002812,02020001200,10.0
02020002812,02020001300,20.0
02020002812,02020001401,55.0
02020002812,02020001500,70.0
02020002812,02020001601,20.0
02020002812,02020001602,400.0
02020002812,02020001701,55.0
02020002812,02020001731,15.0
02020002812,02020001801,10.0
02020002812,02020001802,50.0
02020002812,02020001900,465.0
02020002812,02020002000,15.0
02020002812,02020002100,15.0
02020002812,02020002201,10.0
02020002812,02020002301,125.0
02020002812,02020002302,55.0
02020002812,02020002304,30.0
02020002812,02020002501,115.0
02020002812,02020002502,190.0
02020002812,02020002601,125.0
02020002812,02020002711,70.0
02020002812,02020002712,265.0
02020002812,02020002713,55.0
02020002812,02020002714,20.0
02020002812,02020002811,65.0
02020002812,02020002812,370.0
02020002812,02020002821,50.0
02020002812,02020002823,60.0
02020002812,02020980100,375.0
02020002812,02020980200,125.0
02020002812,04021002107,20.0
02020002813,02020000201,4.0
02020002813,02020000204,10.0
02020002813,02020000500,4.0
02020002813,02020000801,4.0
02020002813,02020000802,15.0
02020002813,02020000901,20.0
02020002813,02020001000,40.0
02020002813,02020001100,255.0
02020002813,02020001200,20.0
02020002813,02020001401,70.0
02020002813,02020001402,15.0
02020002813,02020001500,35.0
02020002813,02020001602,230.0
02020002813,02020001701,4.0
02020002813,02020001801,10.0
02020002813,02020001802,70.0
02020002813,02020001900,225.0
02020002813,02020002000,60.0
02020002813,02020002301,135.0
02020002813,02020002501,45.0
02020002813,02020002502,25.0
02020002813,02020002601,60.0
02020002813,02020002712,55.0
02020002813,02020002713,30.0
02020002813,02020002812,20.0
02020002813,02020002813,265.0
02020002813,02020980000,25.0
02020002813,02020980100,30.0
02020002813,02110000500,30.0
02020002813,02122001000,20.0
02020002813,02170001201,10.0
02020002821,02020000500,20.0
02020002821,02020000601,10.0
02020002821,02020000901,50.0
02020002821,02020001000,30.0
02020002821,02020001100,175.0
02020002821,02020001200,25.0
02020002821,02020001401,75.0
02020002821,02020001402,25.0
02020002821,02020001500,80.0
02020002821,02020001601,10.0
02020002821,02020001602,210.0
02020002821,02020001731,4.0
02020002821,02020001802,30.0
02020002821,02020001900,220.0
02020002821,02020002000,35.0
02020002821,02020002100,10.0
02020002821,02020002301,105.0
02020002821,02020002305,10.0
02020002821,02020002400,30.0
02020002821,02020002501,85.0
02020002821,02020002502,105.0
02020002821,02020002601,60.0
02020002821,02020002712,110.0
02020002821,02020002713,40.0
02020002821,02020002812,25.0
02020002821,02020002821,380.0
02020002821,02020002822,25.0
02020002821,02020002823,15.0
02020002821,02020980100,40.0
02020002821,02020980200,90.0
02020002821,02063000300,4.0
02020002821,02090001000,4.0
02020002821,02170001201,4.0
02020002821,39027964700,10.0
02020002822,02020000201,25.0
02020002822,02020000204,10.0
02020002822,02020000500,20.0
02020002822,02020000601,35.0
02020002822,02020000701,10.0
02020002822,02020000802,10.0
02020002822,02020000901,90.0
02020002822,02020001000,50.0
02020002822,02020001100,165.0
02020002822,02020001200,15.0
02020002822,02020001401,45.0
02020002822,02020001500,55.0
02020002822,02020001602,100.0
02020002822,02020001702,20.0
02020002822,02020001731,25.0
02020002822,02020001801,10.0
02020002822,02020001802,10.0
02020002822,02020001900,305.0
02020002822,02020002000,30.0
02020002822,02020002100,10.0
02020002822,02020002201,30.0
02020002822,02020002301,25.0
02020002822,02020002400,10.0
02020002822,02020002501,10.0
02020002822,02020002502,165.0
02020002822,02020002601,75.0
02020002822,02020002602,4.0
02020002822,02020002712,195.0
02020002822,02020002714,10.0
02020002822,02020002811,15.0
02020002822,02020002812,25.0
02020002822,02020002821,35.0
02020002822,02020002822,290.0
02020002822,02020002823,35.0
02020002822,02020002900,15.0
02020002822,02020980100,10.0
02020002822,02090980000,4.0
02020002822,02122000600,10.0
02020002822,02150000400,10.0
02020002823,02020000202,10.0
02020002823,02020000500,20.0
02020002823,02020000601,15.0
02020002823,02020000701,10.0
02020002823,02020000702,15.0
02020002823,02020000901,65.0
02020002823,02020001000,15.0
02020002823,02020001100,90.0
02020002823,02020001200,4.0
02020002823,02020001401,35.0
02020002823,02020001402,25.0
02020002823,02020001500,65.0
02020002823,02020001602,190.0
02020002823,02020001701,4.0
02020002823,02020001702,20.0
02020002823,02020001731,15.0
02020002823,02020001802,45.0
02020002823,02020001900,335.0
02020002823,02020002000,4.0
02020002823,02020002301,185.0
02020002823,02020002304,4.0
02020002823,02020002501,100.0
02020002823,02020002502,120.0
02020002823,02020002601,60.0
02020002823,02020002711,35.0
02020002823,02020002712,50.0
02020002823,02020002713,20.0
02020002823,02020002812,40.0
02020002823,02020002821,10.0
02020002823,02020002823,330.0
02020002823,02020980000,10.0
02020002823,02020980100,15.0
02020002823,02020980200,20.0
02020002900,02020000702,35.0
02020002900,02020001100,75.0
02020002900,02020001200,45.0
02020002900,02020001602,105.0
02020002900,02020001801,90.0
02020002900,02020001900,25.0
02020002900,02020002301,90.0
02020002900,02020002302,20.0
02020002900,02020002501,30.0
02020002900,02020002502,30.0
02020002900,02020002601,40.0
02020002900,02020002602,25.0
02020002900,02020002900,360.0
02020002900,02020980200,25.0
02020002900,02122001300,4.0
02020002900,02170001100,25.0
02020980100,02020000202,4.0
02020980100,02020000702,30.0
02020980100,02020000901,45.0
02020980100,02020001000,10.0
02020980100,02020001100,50.0
02020980100,02020001500,30.0
02020980100,02020001602,105.0
02020980100,02020001701,20.0
02020980100,02020001802,10.0
02020980100,02020001900,70.0
02020980100,02020002201,20.0
02020980100,02020002601,35.0
02020980100,02020002712,35.0
02020980100,02020002811,10.0
02020980100,02020002821,25.0
02020980100,02020002900,10.0
02020980100,02020980100,0.0
02020980100,02020980200,560.0
02020980200,02020000102,4.0
02020980200,02020000201,30.0
02020980200,02020000500,10.0
02020980200,02020000602,4.0
02020980200,02020000702,40.0
02020980200,02020000901,15.0
02020980200,02020001000,20.0
02020980200,02020001100,55.0
02020980200,02020001500,4.0
02020980200,02020001602,175.0
02020980200,02020001701,10.0
02020980200,02020001731,4.0
02020980200,02020001802,15.0
02020980200,02020001900,45.0
02020980200,02020002000,15.0
02020980200,02020002501,15.0
02020980200,02020002502,35.0
02020980200,02020002712,15.0
02020980200,02020980100,0.0
02020980200,02020980200,0.0
02050000100,02020001100,4.0
02050000100,02050000100,410.0
02050000100,02050000200,40.0
02050000200,02050000200,0.0
02050000300,02050000200,10.0
02050000300,02050000300,135.0
02050000300,08041007900,4.0
02060000100,02016000200,4.0
02060000100,02020001500,4.0
02060000100,02060000100,145.0
02060000100,02164000100,4.0
02063000200,02020001602,20.0
02063000200,02063000200,715.0
02063000200,02063000300,10.0
02063000300,02020002501,4.0
02063000300,02020002712,4.0
02063000300,02020002900,4.0
02063000300,02063000200,90.0
02063000300,02063000300,815.0
02066000100,02020001602,4.0
02066000100,02020001900,15.0
02066000100,02063000200,4.0
02066000100,02066000100,405.0
02066000100,02170000200,4.0
02066000100,02170000703,4.0
02066000100,02185000200,75.0
02068000100,02020001100,4.0
02068000100,02068000100,320.0
02068000100,02090000700,10.0
02068000100,02090980100,4.0
02068000100,02290000200,4.0
02070000100,02070000100,160.0
02070000100,02070000200,60.0
02070000200,02020001602,4.0
02070000200,02070000200,715.0
02090000100,02090000100,140.0
02090000100,02090000200,40.0
02090000100,02090000400,10.0
02090000100,02090000500,50.0
02090000100,02090000600,10.0
02090000100,02090000700,10.0
02090000100,02090001000,30.0
02090000100,02090001300,135.0
02090000100,02090980000,55.0
02090000200,02090000100,360.0
02090000200,02090000200,280.0
02090000200,02090000300,45.0
02090000200,02090000400,30.0
02090000200,02090000500,95.0
02090000200,02090000600,90.0
02090000200,02090000700,70.0
02090000200,02090000800,30.0
02090000200,02090000900,10.0
02090000200,02090001000,130.0
02090000200,02090001300,100.0
02090000200,02090001402,20.0
02090000200,02090001600,40.0
02090000200,02090980000,90.0
02090000200,02090980100,35.0
02090000300,02068000100,105.0
02090000300,02090000100,80.0
02090000300,02090000200,40.0
02090000300,02090000300,330.0
02090000300,02090000500,155.0
02090000300,02090000600,15.0
02090000300,02090000700,155.0
02090000300,02090000800,20.0
02090000300,02090001000,165.0
02090000300,02090001300,230.0
02090000300,02090980000,150.0
02090000300,02090980100,35.0
02090000400,02090000100,205.0
02090000400,02090000200,205.0
02090000400,02090000300,85.0
02090000400,02090000400,155.0
02090000400,02090000500,120.0
02090000400,02090000600,55.0
02090000400,02090000700,145.0
02090000400,02090000800,10.0
02090000400,02090001000,155.0
02090000400,02090001300,375.0
02090000400,02090001600,4.0
02090000400,02090001902,60.0
02090000400,02090980000,135.0
02090000400,02090980100,50.0
02090000500,02090000100,130.0
02090000500,02090000200,170.0
02090000500,02090000300,95.0
02090000500,02090000400,15.0
02090000500,02090000500,225.0
02090000500,02090000600,20.0
02090000500,02090000700,140.0
02090000500,02090001000,145.0
02090000500,02090001300,125.0
02090000500,02090001902,45.0
02090000500,02090980000,115.0
02090000500,02090980100,10.0
02090000600,02020001900,25.0
02090000600,02090000100,130.0
02090000600,02090000200,100.0
02090000600,02090000300,80.0
02090000600,02090000400,30.0
02090000600,02090000500,190.0
02090000600,02090000600,145.0
02090000600,02090000700,100.0
02090000600,02090000800,70.0
02090000600,02090000900,10.0
02090000600,02090001000,215.0
02090000600,02090001200,4.0
02090000600,02090001300,320.0
02090000600,02090001402,30.0
02090000600,02090001501,4.0
02090000600,02090001600,45.0
02090000600,02090001902,15.0
02090000600,02090980000,180.0
02090000600,02090980100,95.0
02090000600,02110000500,10.0
02090000700,02090000100,175.0
02090000700,02090000200,165.0
02090000700,02090000300,40.0
02090000700,02090000400,20.0
02090000700,02090000500,80.0
02090000700,02090000600,60.0
02090000700,02090000700,675.0
02090000700,02090001000,305.0
02090000700,02090001300,210.0
02090000700,02090001402,55.0
02090000700,02090001501,15.0
02090000700,02090001600,20.0
02090000700,02090001902,15.0
02090000700,02090980000,195.0
02090000700,02090980100,25.0
02090000800,02068000100,20.0
02090000800,02090000100,235.0
02090000800,02090000200,225.0
02090000800,02090000300,65.0
02090000800,02090000400,10.0
02090000800,02090000500,190.0
02090000800,02090000600,35.0
02090000800,02090000700,240.0
02090000800,02090000800,120.0
02090000800,02090001000,380.0
02090000800,02090001300,280.0
02090000800,02090001600,20.0
02090000800,02090001902,30.0
02090000800,02090980000,80.0
02090000800,02090980100,165.0
02090000900,02020002301,10.0
02090000900,02068000100,110.0
02090000900,02090000100,235.0
02090000900,02090000200,155.0
02090000900,02090000300,70.0
02090000900,02090000400,35.0
02090000900,02090000500,210.0
02090000900,02090000600,160.0
02090000900,02090000700,75.0
02090000900,02090000800,100.0
02090000900,02090000900,230.0
02090000900,02090001000,290.0
02090000900,02090001300,505.0
02090000900,02090001401,55.0
02090000900,02090001600,35.0
02090000900,02090980000,190.0
02090000900,02090980100,65.0
02090000900,48141010103,45.0
02090001000,02090000100,25.0
02090001000,02090000200,10.0
02090001000,02090000300,10.0
02090001000,02090000400,4.0
02090001000,02090000500,60.0
02090001000,02090000600,4.0
02090001000,02090000700,4.0
02090001000,02090001000,175.0
02090001000,02090001300,80.0
02090001000,02090001401,4.0
02090001000,02090001402,4.0
02090001000,02090001600,4.0
02090001000,02090980000,20.0
02090001200,02090000100,200.0
02090001200,02090000200,145.0
02090001200,02090000300,25.0
02090001200,02090000400,30.0
02090001200,02090000500,150.0
02090001200,02090000600,90.0
02090001200,02090000700,115.0
02090001200,02090000800,85.0
02090001200,02090000900,25.0
02090001200,02090001000,580.0
02090001200,02090001200,315.0
02090001200,02090001300,735.0
02090001200,02090001402,60.0
02090001200,02090001600,65.0
02090001200,02090001902,45.0
02090001200,02090980000,260.0
02090001200,02090980100,40.0
02090001300,02090000100,185.0
02090001300,02090000200,230.0
02090001300,02090000300,40.0
02090001300,02090000500,170.0
02090001300,02090000600,50.0
02090001300,02090000700,220.0
02090001300,02090000800,75.0
02090001300,02090000900,55.0
02090001300,02090001000,100.0
02090001300,02090001200,50.0
02090001300,02090001300,625.0
02090001300,02090001501,15.0
02090001300,02090001902,65.0
02090001300,02090980000,205.0
02090001300,02090980100,35.0
02090001401,02090000100,75.0
02090001401,02090000200,140.0
02090001401,02090000300,40.0
02090001401,02090000500,20.0
02090001401,02090000600,20.0
02090001401,02090000700,50.0
02090001401,02090000900,25.0
02090001401,02090001000,245.0
02090001401,02090001401,255.0
02090001401,02090001402,4.0
02090001401,02090001600,70.0
02090001401,02090980000,125.0
02090001401,02090980100,115.0
02090001402,02090000100,200.0
02090001402,02090000200,35.0
02090001402,02090000300,50.0
02090001402,02090000500,130.0
02090001402,02090000600,60.0
02090001402,02090000700,135.0
02090001402,02090000800,10.0
02090001402,02090001000,415.0
02090001402,02090001300,335.0
02090001402,02090001401,25.0
02090001402,02090001402,95.0
02090001402,02090001501,10.0
02090001402,02090001600,275.0
02090001402,02090001902,15.0
02090001402,02090980000,210.0
02090001402,02090980100,245.0
02090001501,02090000100,75.0
02090001501,02090000200,100.0
02090001501,02090000300,35.0
02090001501,02090000500,110.0
02090001501,02090000600,25.0
02090001501,02090000700,175.0
02090001501,02090000800,15.0
02090001501,02090000900,20.0
02090001501,02090001000,235.0
02090001501,02090001300,35.0
02090001501,02090001401,15.0
02090001501,02090001402,40.0
02090001501,02090001501,115.0
02090001501,02090001600,285.0
02090001501,02090980000,265.0
02090001501,02090980100,220.0
02090001502,02068000100,10.0
02090001502,02090000100,185.0
02090001502,02090000200,325.0
02090001502,02090000300,15.0
02090001502,02090000500,220.0
02090001502,02090000600,60.0
02090001502,02090000700,50.0
02090001502,02090000800,20.0
02090001502,02090001000,330.0
02090001502,02090001300,360.0
02090001502,02090001401,30.0
02090001502,02090001402,100.0
02090001502,02090001502,55.0
02090001502,02090001600,405.0
02090001502,02090001902,4.0
02090001502,02090980000,215.0
02090001502,02090980100,170.0
02090001600,02090000100,55.0
02090001600,02090000200,275.0
02090001600,02090000300,35.0
02090001600,02090000400,100.0
02090001600,02090000500,130.0
02090001600,02090000600,10.0
02090001600,02090000700,100.0
02090001600,02090000800,4.0
02090001600,02090000900,10.0
02090001600,02090001000,270.0
02090001600,02090001300,175.0
02090001600,02090001402,25.0
02090001600,02090001501,55.0
02090001600,02090001600,365.0
02090001600,02090001700,4.0
02090001600,02090001902,20.0
02090001600,02090980000,280.0
02090001600,02090980100,320.0
02090001600,02185000100,10.0
02090001600,48029161400,4.0
02090001700,02090000100,55.0
02090001700,02090000200,80.0
02090001700,02090000300,10.0
02090001700,02090000400,4.0
02090001700,02090000600,4.0
02090001700,02090000700,4.0
02090001700,02090000800,4.0
02090001700,02090001000,80.0
02090001700,02090001300,15.0
02090001700,02090001501,4.0
02090001700,02090001600,10.0
02090001700,02090001700,55.0
02090001700,02090980000,10.0
02090001700,02090980100,65.0
02090001901,02020002301,15.0
02090001901,02090000100,120.0
02090001901,02090000200,30.0
02090001901,02090000300,45.0
02090001901,02090000500,80.0
02090001901,02090000600,140.0
02090001901,02090000700,315.0
02090001901,02090000800,180.0
02090001901,02090000900,80.0
02090001901,02090001000,290.0
02090001901,02090001300,455.0
02090001901,02090001600,30.0
02090001901,02090001700,45.0
02090001901,02090001901,385.0
02090001901,02090980000,75.0
02090001901,02090980100,20.0
02090001901,02150000200,100.0
02090001901,51678980000,25.0
02090001902,02090000100,220.0
02090001902,02090000200,360.0
02090001902,02090000300,255.0
02090001902,02090000500,110.0
02090001902,02090000700,100.0
02090001902,02090001000,525.0
02090001902,02090001300,255.0
02090001902,02090001402,20.0
02090001902,02090001902,710.0
02090001902,02090980000,175.0
02090001902,02090980100,50.0
02090980000,02090000100,35.0
02090980000,02090000200,230.0
02090980000,02090000300,30.0
02090980000,02090000500,60.0
02090980000,02090000700,20.0
02090980000,02090001000,185.0
02090980000,02090001300,215.0
02090980000,02090001902,50.0
02090980000,02090980000,0.0
02090980000,02090980100,15.0
02090980000,06071025000,10.0
02090980100,02068000100,15.0
02090980100,02090000100,10.0
02090980100,02090000200,30.0
02090980100,02090000300,4.0
02090980100,02090000500,70.0
02090980100,02090000700,4.0
02090980100,02090001000,45.0
02090980100,02090001300,45.0
02090980100,02090001402,15.0
02090980100,02090001600,20.0
02090980100,02090001700,4.0
02090980100,02090980000,145.0
02090980100,02090980100,0.0
02100000100,02100000100,550.0
02100000100,02105000400,10.0
02100000100,02110000400,4.0
02100000100,02110000500,4.0
02105000400,02100000100,4.0
02105000400,02105000400,435.0
02105000400,02110000100,15.0
02105000400,02110000200,4.0
02105000400,02110000400,10.0
02105000400,02220000100,10.0
02105000400,02220000200,4.0
02105000400,53011041321,4.0
02110000100,02020002301,15.0
02110000100,02090001000,10.0
02110000100,02110000100,595.0
02110000100,02110000200,240.0
02110000100,02110000300,405.0
02110000100,02110000400,585.0
02110000100,02110000500,430.0
02110000100,02110000600,100.0
02110000100,02198000200,25.0
02110000100,48439111411,20.0
02110000100,48439980000,30.0
02110000200,02110000100,615.0
02110000200,02110000200,700.0
02110000200,02110000300,400.0
02110000200,02110000400,665.0
02110000200,02110000500,690.0
02110000200,02110000600,45.0
02110000200,48439105009,15.0
02110000300,02020001100,35.0
02110000300,02110000100,150.0
02110000300,02110000200,240.0
02110000300,02110000300,520.0
02110000300,02110000400,445.0
02110000300,02110000500,845.0
02110000300,02110000600,20.0
02110000300,53033028802,55.0
02110000400,02110000100,205.0
02110000400,02110000200,175.0
02110000400,02110000300,185.0
02110000400,02110000400,665.0
02110000400,02110000500,525.0
02110000400,02110000600,45.0
02110000500,02110000100,100.0
02110000500,02110000200,60.0
02110000500,02110000300,135.0
02110000500,02110000400,245.0
02110000500,02110000500,0.0
02110000500,02110000600,100.0
02110000500,56013000200,40.0
02110000600,02020000601,4.0
02110000600,02110000100,215.0
02110000600,02110000200,140.0
02110000600,02110000300,250.0
02110000600,02110000400,510.0
02110000600,02110000500,0.0
02110000600,02110000600,695.0
02110000600,02198000200,4.0
02110000600,02240000400,4.0
02110000600,11001980000,4.0
02110000600,30031000202,4.0
02110000600,35001003736,4.0
02110000600,53073010503,4.0
02122000100,02122000100,110.0
02122000100,02122000600,4.0
02122000200,02020001602,10.0
02122000200,02020002301,10.0
02122000200,02020002712,4.0
02122000200,02020002812,4.0
02122000200,02122000100,80.0
02122000200,02122000200,315.0
02122000200,02122000400,4.0
02122000200,02122000500,140.0
02122000200,02122000600,230.0
02122000200,02122000701,4.0
02122000200,02122000702,35.0
02122000200,02122000900,4.0
02122000200,02122001000,70.0
02122000200,02122001300,50.0
02122000300,02020001200,65.0
02122000300,02020001602,15.0
02122000300,02020002502,25.0
02122000300,02020002900,45.0
02122000300,02122000300,130.0
02122000300,02122000600,10.0
02122000300,02122001000,10.0
02122000300,02122001300,45.0
02122000400,02020001900,20.0
02122000400,02020002301,20.0
02122000400,02020002601,20.0
02122000400,02020980100,20.0
02122000400,02122000400,485.0
02122000400,02122000500,840.0
02122000400,02122000600,205.0
02122000400,02122000702,50.0
02122000400,02122001000,80.0
02122000400,02185000200,25.0
02122000400,39035107701,20.0
02122000500,02020001500,20.0
02122000500,02122000200,20.0
02122000500,02122000500,0.0
02122000500,02122000600,425.0
02122000500,02122000701,25.0
02122000500,02122000702,105.0
02122000500,02122001000,80.0
02122000600,02020000202,15.0
02122000600,02020001100,4.0
02122000600,02110000400,15.0
02122000600,02122000200,75.0
02122000600,02122000500,300.0
02122000600,02122000600,0.0
02122000600,02122000701,50.0
02122000600,02122000702,135.0
02122000600,02122000800,20.0
02122000600,02122000900,20.0
02122000600,02122001000,230.0
02122000600,02122001100,50.0
02122000600,02122001200,20.0
02122000600,02185000300,80.0
02122000701,02020001300,4.0
02122000701,02020001900,10.0
02122000701,02020002900,20.0
02122000701,02122000500,510.0
02122000701,02122000600,185.0
02122000701,02122000701,315.0
02122000701,02122000702,50.0
02122000701,02122000800,4.0
02122000701,02122001000,330.0
02122000701,02122001200,10.0
02122000701,02122001300,45.0
02122000702,02020001500,30.0
02122000702,02122000500,540.0
02122000702,02122000600,245.0
02122000702,02122000701,45.0
02122000702,02122000702,130.0
02122000702,02122000800,15.0
02122000702,02122001000,75.0
02122000702,02122001100,30.0
02122000702,02185000300,70.0
02122000800,02020001402,4.0
02122000800,02020001602,4.0
02122000800,02020001701,4.0
02122000800,02020001900,4.0
02122000800,02020002502,4.0
02122000800,02122000100,4.0
02122000800,02122000200,10.0
02122000800,02122000500,45.0
02122000800,02122000600,35.0
02122000800,02122000701,4.0
02122000800,02122000800,280.0
02122000800,02122000900,4.0
02122000800,02122001000,240.0
02122000800,22071013400,4.0
02122000900,02020001602,4.0
02122000900,02122000500,15.0
02122000900,02122000600,25.0
02122000900,02122000800,4.0
02122000900,02122000900,190.0
02122000900,02122001000,485.0
02122000900,02122001100,10.0
02122000900,02122001200,4.0
02122000900,02170001300,4.0
02122000900,30031000701,4.0
02122000900,48041002100,4.0
02122001000,02020000901,10.0
02122001000,02020001900,10.0
02122001000,02122000500,25.0
02122001000,02122000600,50.0
02122001000,02122000702,4.0
02122001000,02122000800,4.0
02122001000,02122000900,50.0
02122001000,02122001000,0.0
02122001000,02122001100,40.0
02122001000,02122001200,4.0
02122001000,02122001300,30.0
02122001000,02130000200,4.0
02122001000,02185000100,4.0
02122001100,02020001100,4.0
02122001100,02020001900,4.0
02122001100,02020980100,4.0
02122001100,02122000200,4.0
02122001100,02122000300,4.0
02122001100,02122000500,10.0
02122001100,02122000600,15.0
02122001100,02122000800,4.0
02122001100,02122000900,10.0
02122001100,02122001000,535.0
02122001100,02122001100,290.0
02122001100,02185000300,4.0
02122001100,06081984300,4.0
02122001200,02020001602,4.0
02122001200,02020002301,20.0
02122001200,02020002502,4.0
02122001200,02063000300,4.0
02122001200,02122000500,4.0
02122001200,02122001000,10.0
02122001200,02122001100,15.0
02122001200,02122001200,125.0
02122001200,02122001300,4.0
02122001300,02122000900,20.0
02122001300,02122001000,35.0
02122001300,02122001300,665.0
02130000101,02130000101,170.0
02130000101,02130000102,4.0
02130000101,02130000200,410.0
02130000101,02130000300,330.0
02130000101,02130000400,25.0
02130000102,02130000101,80.0
02130000102,02130000102,10.0
02130000102,02130000200,70.0
02130000102,02130000300,25.0
02130000200,02110000200,4.0
02130000200,02130000101,65.0
02130000200,02130000200,730.0
02130000200,02130000300,645.0
02130000200,02130000400,25.0
02130000200,53033031204,4.0
02130000300,02110000300,4.0
02130000300,02110000500,4.0
02130000300,02130000101,70.0
02130000300,02130000200,485.0
02130000300,02130000300,710.0
02130000300,02130000400,30.0
02130000300,02198000200,4.0
02130000300,02275000300,4.0
02130000400,02130000101,20.0
02130000400,02130000200,265.0
02130000400,02130000300,385.0
02130000400,02130000400,200.0
02130000400,41039001600,4.0
02130000400,53077940005,4.0
02150000100,02150000100,260.0
02150000100,02150000200,45.0
02150000100,02150000300,55.0
02150000100,02150000400,135.0
02150000100,15003003802,4.0
02150000100,15003008611,4.0
02150000100,27149480200,4.0
02150000200,02020001900,20.0
02150000200,02150000200,835.0
02150000200,02150000300,960.0
02150000200,02150000400,500.0
02150000200,02150000500,110.0
02150000200,15003004000,4.0
02150000300,02150000200,235.0
02150000300,02150000300,255.0
02150000300,02150000400,90.0
02150000400,02150000200,30.0
02150000400,02150000300,60.0
02150000400,02150000400,100.0
02150000500,02150000100,10.0
02150000500,02150000200,40.0
02150000500,02150000300,50.0
02150000500,02150000400,275.0
02150000500,02150000500,155.0
02158000100,02020001900,4.0
02158000100,02050000100,4.0
02158000100,02158000100,460.0
02164000100,02090000500,4.0
02164000100,02164000100,90.0
02170000101,02020001100,4.0
02170000101,02020002713,4.0
02170000101,02170000101,150.0
02170000101,02170000102,10.0
02170000101,02170000604,4.0
02170000102,02020002301,10.0
02170000102,02122001200,10.0
02170000102,02170000102,540.0
02170000102,02170000502,10.0
02170000102,02170000800,20.0
02170000102,02170001100,10.0
02170000102,02170001202,10.0
02170000102,02185000300,10.0
02170000200,02020000205,4.0
02170000200,02020000601,10.0
02170000200,02020000901,4.0
02170000200,02020001100,10.0
02170000200,02020001401,4.0
02170000200,02020001602,4.0
02170000200,02020001900,10.0
02170000200,02020002501,4.0
02170000200,02020980100,10.0
02170000200,02170000200,165.0
02170000200,02170000300,10.0
02170000200,02170000601,4.0
02170000200,02170000706,4.0
02170000200,02170000800,10.0
02170000200,02170000900,25.0
02170000200,02170001004,10.0
02170000200,02170001100,10.0
02170000200,02170001201,50.0
02170000200,02170001202,10.0
02170000200,02170001300,10.0
02170000200,32003005902,4.0
02170000300,02020000102,70.0
02170000300,02020000202,20.0
02170000300,02020000204,25.0
02170000300,02020000500,25.0
02170000300,02020000601,55.0
02170000300,02020000701,4.0
02170000300,02020000702,4.0
02170000300,02020000703,4.0
02170000300,02020000802,10.0
02170000300,02020000901,15.0
02170000300,02020000902,4.0
02170000300,02020001100,20.0
02170000300,02020001401,40.0
02170000300,02020001500,10.0
02170000300,02020001602,50.0
02170000300,02020001701,15.0
02170000300,02020001802,20.0
02170000300,02020001900,75.0
02170000300,02020002301,35.0
02170000300,02020002501,10.0
02170000300,02020002502,20.0
02170000300,02020002601,20.0
02170000300,02020002712,4.0
02170000300,02020002713,10.0
02170000300,02020002813,20.0
02170000300,02020980000,4.0
02170000300,02020980100,75.0
02170000300,02020980200,30.0
02170000300,02068000100,20.0
02170000300,02150000200,4.0
02170000300,02170000102,55.0
02170000300,02170000200,15.0
02170000300,02170000300,395.0
02170000300,02170000502,10.0
02170000300,02170000601,15.0
02170000300,02170000603,15.0
02170000300,02170000604,25.0
02170000300,02170000701,4.0
02170000300,02170000705,45.0
02170000300,02170000706,25.0
02170000300,02170000800,215.0
02170000300,02170000900,155.0
02170000300,02170001001,20.0
02170000300,02170001003,30.0
02170000300,02170001004,145.0
02170000300,02170001100,195.0
02170000300,02170001201,210.0
02170000300,02170001202,210.0
02170000300,02170001300,45.0
02170000300,06089012101,4.0
02170000300,13063980000,20.0
02170000300,32031003112,20.0
02170000300,53033028402,20.0
02170000401,02020000201,4.0
02170000401,02020000202,4.0
02170000401,02020000601,4.0
02170000401,02020001100,4.0
02170000401,02020001731,4.0
02170000401,02020001900,15.0
02170000401,02020002301,10.0
02170000401,02020002400,4.0
02170000401,02020002501,4.0
02170000401,02020002502,10.0
02170000401,02020002712,10.0
02170000401,02020980100,4.0
02170000401,02090000900,4.0
02170000401,02170000102,10.0
02170000401,02170000300,10.0
02170000401,02170000401,105.0
02170000401,02170000402,4.0
02170000401,02170000501,4.0
02170000401,02170000502,20.0
02170000401,02170000601,10.0
02170000401,02170000603,10.0
02170000401,02170000604,4.0
02170000401,02170000701,20.0
02170000401,02170000703,20.0
02170000401,02170000705,4.0
02170000401,02170000800,65.0
02170000401,02170000900,30.0
02170000401,02170001003,10.0
02170000401,02170001004,30.0
02170000401,02170001100,15.0
02170000401,02170001201,15.0
02170000401,02170001202,4.0
02170000401,02170001300,4.0
02170000401,32003006001,4.0
02170000402,02020001000,4.0
02170000402,02020001100,15.0
02170000402,02020001900,15.0
02170000402,02020002301,4.0
02170000402,02020002501,4.0
02170000402,02170000102,70.0
02170000402,02170000300,4.0
02170000402,02170000401,15.0
02170000402,02170000402,145.0
02170000402,02170000601,10.0
02170000402,02170000701,4.0
02170000402,02170000703,20.0
02170000402,02170000705,4.0
02170000402,02170000800,60.0
02170000402,02170000900,30.0
02170000402,02170001003,15.0
02170000402,02170001004,4.0
02170000402,02170001100,4.0
02170000402,02170001201,25.0
02170000402,53033028402,4.0
02170000501,02020000601,15.0
02170000501,02020000901,10.0
02170000501,02020001900,20.0
02170000501,02020002501,4.0
02170000501,02020002601,4.0
02170000501,02020980200,4.0
02170000501,02170000501,190.0
02170000501,02170000502,25.0
02170000501,02170000601,10.0
02170000501,02170000603,10.0
02170000501,02170000701,10.0
02170000501,02170000703,4.0
02170000501,02170000706,4.0
02170000501,02170000800,25.0
02170000501,02170000900,25.0
02170000501,02170001003,4.0
02170000501,02170001004,30.0
02170000501,02170001201,25.0
02170000501,02170001202,4.0
02170000502,02020000102,4.0
02170000502,02020000500,4.0
02170000502,02020000601,4.0
02170000502,02020001602,4.0
02170000502,02020001801,20.0
02170000502,02020001900,4.0
02170000502,02020002000,4.0
02170000502,02020002301,4.0
02170000502,02020002502,4.0
02170000502,02020980100,10.0
02170000502,02170000401,4.0
02170000502,02170000501,15.0
02170000502,02170000502,130.0
02170000502,02170000601,10.0
02170000502,02170000604,15.0
02170000502,02170000703,10.0
02170000502,02170000705,20.0
02170000502,02170000706,4.0
02170000502,02170000800,35.0
02170000502,02170000900,20.0
02170000502,02170001003,4.0
02170000502,02170001004,10.0
02170000502,02170001100,15.0
02170000502,02170001201,15.0
02170000502,02170001202,4.0
02170000502,02185000200,4.0
02170000601,02020000101,15.0
02170000601,02020000201,40.0
02170000601,02020000500,25.0
02170000601,02020000601,15.0
02170000601,02020000702,10.0
02170000601,02020000703,10.0
02170000601,02020000901,20.0
02170000601,02020001000,4.0
02170000601,02020001100,25.0
02170000601,02020001401,20.0
02170000601,02020001402,4.0
02170000601,02020001602,40.0
02170000601,02020001702,10.0
02170000601,02020001802,4.0
02170000601,02020001900,55.0
02170000601,02020002000,4.0
02170000601,02020002301,35.0
02170000601,02020002501,35.0
02170000601,02020002502,10.0
02170000601,02020002712,10.0
02170000601,02020002713,15.0
02170000601,02020002714,25.0
02170000601,02020002821,10.0
02170000601,02020980000,20.0
02170000601,02020980100,85.0
02170000601,02020980200,30.0
02170000601,02110000500,85.0
02170000601,02170000200,10.0
02170000601,02170000502,15.0
02170000601,02170000601,375.0
02170000601,02170000603,25.0
02170000601,02170000604,20.0
02170000601,02170000701,10.0
02170000601,02170000703,55.0
02170000601,02170000706,30.0
02170000601,02170000800,290.0
02170000601,02170000900,155.0
02170000601,02170001001,10.0
02170000601,02170001003,15.0
02170000601,02170001004,110.0
02170000601,02170001100,85.0
02170000601,02170001201,130.0
02170000601,02170001202,110.0
02170000601,02170001300,4.0
02170000601,02230000100,25.0
02170000603,02020000202,20.0
02170000603,02020000500,15.0
02170000603,02020000701,20.0
02170000603,02020000801,30.0
02170000603,02020000901,25.0
02170000603,02020001100,70.0
02170000603,02020001602,25.0
02170000603,02020001900,75.0
02170000603,02020002301,45.0
02170000603,02020002502,15.0
02170000603,02020002712,75.0
02170000603,02020002813,20.0
02170000603,02020002823,4.0
02170000603,02020980100,195.0
02170000603,02020980200,55.0
02170000603,02170000200,25.0
02170000603,02170000401,25.0
02170000603,02170000601,30.0
02170000603,02170000603,185.0
02170000603,02170000604,115.0
02170000603,02170000701,70.0
02170000603,02170000703,20.0
02170000603,02170000800,260.0
02170000603,02170000900,195.0
02170000603,02170001003,70.0
02170000603,02170001004,35.0
02170000603,02170001100,90.0
02170000603,02170001201,180.0
02170000603,02170001202,15.0
02170000603,02185000300,20.0
02170000603,35001980000,20.0
02170000604,02020000102,10.0
02170000604,02020000202,10.0
02170000604,02020000601,10.0
02170000604,02020000802,15.0
02170000604,02020000901,25.0
02170000604,02020001100,20.0
02170000604,02020001401,10.0
02170000604,02020001602,90.0
02170000604,02020001701,10.0
02170000604,02020001731,10.0
02170000604,02020002301,10.0
02170000604,02020002501,10.0
02170000604,02020002502,20.0
02170000604,02020002602,10.0
02170000604,02020980000,20.0
02170000604,02020980100,55.0
02170000604,02020980200,50.0
02170000604,02170000402,10.0
02170000604,02170000601,35.0
02170000604,02170000603,45.0
02170000604,02170000604,290.0
02170000604,02170000701,4.0
02170000604,02170000703,10.0
02170000604,02170000800,225.0
02170000604,02170000900,100.0
02170000604,02170001001,20.0
02170000604,02170001003,40.0
02170000604,02170001004,120.0
02170000604,02170001100,110.0
02170000604,02170001201,60.0
02170000604,02170001202,125.0
02170000604,02170001300,15.0
02170000604,18097390900,10.0
02170000701,02020000601,20.0
02170000701,02020000901,10.0
02170000701,02020001100,65.0
02170000701,02020001401,20.0
02170000701,02020001500,10.0
02170000701,02020001602,35.0
02170000701,02020001701,10.0
02170000701,02020001732,15.0
02170000701,02020001900,40.0
02170000701,02020002301,10.0
02170000701,02020002501,15.0
02170000701,02020002601,15.0
02170000701,02020002711,15.0
02170000701,02020002712,10.0
02170000701,02020980200,4.0
02170000701,02170000102,4.0
02170000701,02170000401,35.0
02170000701,02170000402,20.0
02170000701,02170000502,30.0
02170000701,02170000601,20.0
02170000701,02170000603,10.0
02170000701,02170000701,210.0
02170000701,02170000703,70.0
02170000701,02170000705,10.0
02170000701,02170000800,40.0
02170000701,02170000900,75.0
02170000701,02170001003,40.0
02170000701,02170001004,35.0
02170000701,02170001100,110.0
02170000701,02170001201,15.0
02170000701,02170001202,80.0
02170000703,02020000500,10.0
02170000703,02020000601,25.0
02170000703,02020000901,15.0
02170000703,02020001000,10.0
02170000703,02020001100,15.0
02170000703,02020001200,15.0
02170000703,02020001602,40.0
02170000703,02020001731,10.0
02170000703,02020001900,20.0
02170000703,02020002301,15.0
02170000703,02020002601,10.0
02170000703,02020980100,70.0
02170000703,02020980200,35.0
02170000703,02170000102,25.0
02170000703,02170000300,30.0
02170000703,02170000402,10.0
02170000703,02170000502,20.0
02170000703,02170000601,20.0
02170000703,02170000603,15.0
02170000703,02170000604,25.0
02170000703,02170000701,25.0
02170000703,02170000703,300.0
02170000703,02170000705,10.0
02170000703,02170000706,15.0
02170000703,02170000800,195.0
02170000703,02170000900,110.0
02170000703,02170001003,25.0
02170000703,02170001004,40.0
02170000703,02170001100,45.0
02170000703,02170001201,55.0
02170000703,02170001202,40.0
02170000703,02170001300,10.0
02170000705,02020000102,30.0
02170000705,02020000202,10.0
02170000705,02020000500,15.0
02170000705,02020000601,55.0
02170000705,02020000801,10.0
02170000705,02020000901,40.0
02170000705,02020001000,10.0
02170000705,02020001100,40.0
02170000705,02020001401,10.0
02170000705,02020001602,45.0
02170000705,02020001900,20.0
02170000705,02020002000,10.0
02170000705,02020002301,35.0
02170000705,02020002501,20.0
02170000705,02020002502,35.0
02170000705,02020002601,15.0
02170000705,02020002712,30.0
02170000705,02020002812,10.0
02170000705,02020980000,10.0
02170000705,02020980100,80.0
02170000705,02020980200,4.0
02170000705,02170000502,35.0
02170000705,02170000601,20.0
02170000705,02170000603,10.0
02170000705,02170000604,30.0
02170000705,02170000703,4.0
02170000705,02170000705,190.0
02170000705,02170000706,10.0
02170000705,02170000800,205.0
02170000705,02170000900,125.0
02170000705,02170001003,35.0
02170000705,02170001004,175.0
02170000705,02170001100,60.0
02170000705,02170001201,75.0
02170000705,02170001202,55.0
02170000705,02185000300,10.0
02170000705,35001003736,10.0
02170000706,02020000102,15.0
02170000706,02020000201,45.0
02170000706,02020000601,30.0
02170000706,02020000602,20.0
02170000706,02020000802,10.0
02170000706,02020000901,25.0
02170000706,02020001100,60.0
02170000706,02020001200,15.0
02170000706,02020001401,4.0
02170000706,02020001500,25.0
02170000706,02020001602,15.0
02170000706,02020001801,15.0
02170000706,02020001802,10.0
02170000706,02020001900,115.0
02170000706,02020002202,20.0
02170000706,02020002301,75.0
02170000706,02020002501,25.0
02170000706,02020002502,4.0
02170000706,02020002601,35.0
02170000706,02020002712,35.0
02170000706,02020002813,10.0
02170000706,02020980000,15.0
02170000706,02020980100,70.0
02170000706,02020980200,20.0
02170000706,02170000300,45.0
02170000706,02170000401,4.0
02170000706,02170000402,30.0
02170000706,02170000601,65.0
02170000706,02170000603,15.0
02170000706,02170000604,10.0
02170000706,02170000701,4.0
02170000706,02170000703,75.0
02170000706,02170000705,35.0
02170000706,02170000706,315.0
02170000706,02170000800,250.0
02170000706,02170000900,250.0
02170000706,02170001001,30.0
02170000706,02170001003,30.0
02170000706,02170001004,190.0
02170000706,02170001100,140.0
02170000706,02170001201,150.0
02170000706,02170001202,80.0
02170000800,02020000102,10.0
02170000800,02020000201,20.0
02170000800,02020000202,40.0
02170000800,02020000500,10.0
02170000800,02020000901,20.0
02170000800,02020001100,50.0
02170000800,02020001602,80.0
02170000800,02020002301,40.0
02170000800,02020002502,40.0
02170000800,02020002601,10.0
02170000800,02020002602,10.0
02170000800,02020002712,10.0
02170000800,02020980000,50.0
02170000800,02020980100,80.0
02170000800,02020980200,30.0
02170000800,02110000500,25.0
02170000800,02170000102,20.0
02170000800,02170000502,15.0
02170000800,02170000601,40.0
02170000800,02170000603,20.0
02170000800,02170000604,40.0
02170000800,02170000705,35.0
02170000800,02170000706,20.0
02170000800,02170000800,575.0
02170000800,02170000900,105.0
02170000800,02170001001,55.0
02170000800,02170001003,10.0
02170000800,02170001004,60.0
02170000800,02170001100,95.0
02170000800,02170001201,45.0
02170000800,02170001202,70.0
02170000800,02170001300,20.0
02170000900,02020000102,15.0
02170000900,02020000201,10.0
02170000900,02020000202,4.0
02170000900,02020000204,10.0
02170000900,02020000901,15.0
02170000900,02020001401,4.0
02170000900,02020001602,20.0
02170000900,02020001802,4.0
02170000900,02020001900,20.0
02170000900,02020002302,10.0
02170000900,02020002502,10.0
02170000900,02020002712,15.0
02170000900,02020002812,15.0
02170000900,02020980100,40.0
02170000900,02020980200,30.0
02170000900,02090000500,4.0
02170000900,02090980000,4.0
02170000900,02170000102,10.0
02170000900,02170000200,30.0
02170000900,02170000601,10.0
02170000900,02170000603,15.0
02170000900,02170000800,215.0
02170000900,02170000900,215.0
02170000900,02170001004,30.0
02170000900,02170001100,55.0
02170000900,02170001201,115.0
02170000900,02170001300,15.0
02170000900,36061001501,10.0
02170001001,02020000101,4.0
02170001001,02020000202,15.0
02170001001,02020000601,25.0
02170001001,02020000701,4.0
02170001001,02020000901,10.0
02170001001,02020001100,10.0
02170001001,02020001401,10.0
02170001001,02020001500,30.0
02170001001,02020001602,35.0
02170001001,02020001900,40.0
02170001001,02020002301,75.0
02170001001,02020002400,15.0
02170001001,02020002501,4.0
02170001001,02020002502,30.0
02170001001,02020980000,4.0
02170001001,02020980100,80.0
02170001001,02020980200,15.0
02170001001,02170000102,15.0
02170001001,02170000502,10.0
02170001001,02170000603,20.0
02170001001,02170000604,20.0
02170001001,02170000703,4.0
02170001001,02170000705,35.0
02170001001,02170000800,270.0
02170001001,02170000900,165.0
02170001001,02170001001,175.0
02170001001,02170001003,25.0
02170001001,02170001004,120.0
02170001001,02170001100,80.0
02170001001,02170001201,95.0
02170001001,02170001202,75.0
02170001003,02020000201,30.0
02170001003,02020000202,10.0
02170001003,02020000205,20.0
02170001003,02020000601,25.0
02170001003,02020000703,4.0
02170001003,02020000901,10.0
02170001003,02020001100,15.0
02170001003,02020001500,4.0
02170001003,02020001900,15.0
02170001003,02020002301,60.0
02170001003,02020002502,15.0
02170001003,02020002712,20.0
02170001003,02020002822,10.0
02170001003,02020980100,40.0
02170001003,02020980200,10.0
02170001003,02170000502,10.0
02170001003,02170000601,60.0
02170001003,02170000603,4.0
02170001003,02170000604,35.0
02170001003,02170000703,10.0
02170001003,02170000705,20.0
02170001003,02170000800,150.0
02170001003,02170000900,75.0
02170001003,02170001001,10.0
02170001003,02170001003,200.0
02170001003,02170001004,140.0
02170001003,02170001100,135.0
02170001003,02170001201,110.0
02170001003,02170001202,35.0
02170001004,02020000102,55.0
02170001004,02020000201,25.0
02170001004,02020000202,10.0
02170001004,02020000204,15.0
02170001004,02020000601,10.0
02170001004,02020000701,4.0
02170001004,02020000802,15.0
02170001004,02020000901,70.0
02170001004,02020001100,30.0
02170001004,02020001300,15.0
02170001004,02020001401,20.0
02170001004,02020001602,100.0
02170001004,02020001802,10.0
02170001004,02020001900,90.0
02170001004,02020002301,35.0
02170001004,02020002501,15.0
02170001004,02020002502,20.0
02170001004,02020002601,10.0
02170001004,02020980000,10.0
02170001004,02020980100,50.0
02170001004,02020980200,60.0
02170001004,02170000401,10.0
02170001004,02170000502,50.0
02170001004,02170000601,10.0
02170001004,02170000603,25.0
02170001004,02170000604,35.0
02170001004,02170000703,10.0
02170001004,02170000705,4.0
02170001004,02170000706,15.0
02170001004,02170000800,255.0
02170001004,02170000900,140.0
02170001004,02170001001,15.0
02170001004,02170001003,100.0
02170001004,02170001004,430.0
02170001004,02170001100,65.0
02170001004,02170001201,165.0
02170001004,02170001202,215.0
02170001004,02170001300,20.0
02170001100,02020000101,4.0
02170001100,02020000102,20.0
02170001100,02020000201,45.0
02170001100,02020000204,4.0
02170001100,02020000500,15.0
02170001100,02020000601,45.0
02170001100,02020000702,35.0
02170001100,02020000801,25.0
02170001100,02020000901,35.0
02170001100,02020001000,4.0
02170001100,02020001100,70.0
02170001100,02020001200,15.0
02170001100,02020001401,25.0
02170001100,02020001500,35.0
02170001100,02020001601,4.0
02170001100,02020001602,190.0
02170001100,02020001802,4.0
02170001100,02020001900,135.0
02170001100,02020002000,4.0
02170001100,02020002301,70.0
02170001100,02020002302,10.0
02170001100,02020002400,4.0
02170001100,02020002501,15.0
02170001100,02020002502,40.0
02170001100,02020002601,10.0
02170001100,02020002712,4.0
02170001100,02020002713,4.0
02170001100,02020002812,4.0
02170001100,02020980000,4.0
02170001100,02020980100,150.0
02170001100,02020980200,40.0
02170001100,02090001300,4.0
02170001100,02110000500,4.0
02170001100,02170000200,4.0
02170001100,02170000300,30.0
02170001100,02170000502,45.0
02170001100,02170000601,35.0
02170001100,02170000603,25.0
02170001100,02170000604,15.0
02170001100,02170000701,4.0
02170001100,02170000703,4.0
02170001100,02170000705,25.0
02170001100,02170000800,260.0
02170001100,02170000900,175.0
02170001100,02170001001,4.0
02170001100,02170001003,25.0
02170001100,02170001004,265.0
02170001100,02170001100,635.0
02170001100,02170001201,220.0
02170001100,02170001202,140.0
02170001100,02170001300,50.0
02170001100,02185000200,20.0
02170001100,02185000300,4.0
02170001100,22071003308,4.0
02170001100,22071013400,4.0
02170001100,51800075106,4.0
02170001201,02020000201,10.0
02170001201,02020000202,10.0
02170001201,02020000204,4.0
02170001201,02020000500,4.0
02170001201,02020000601,25.0
02170001201,02020000702,10.0
02170001201,02020000703,4.0
02170001201,02020000801,4.0
02170001201,02020000901,30.0
02170001201,02020001000,4.0
02170001201,02020001100,60.0
02170001201,02020001200,4.0
02170001201,02020001300,4.0
02170001201,02020001401,20.0
02170001201,02020001402,4.0
02170001201,02020001500,35.0
02170001201,02020001601,4.0
02170001201,02020001602,55.0
02170001201,02020001701,4.0
02170001201,02020001900,40.0
02170001201,02020002202,4.0
02170001201,02020002301,70.0
02170001201,02020002501,10.0
02170001201,02020002502,10.0
02170001201,02020002601,40.0
02170001201,02020002712,4.0
02170001201,02020002713,4.0
02170001201,02020980100,95.0
02170001201,02020980200,50.0
02170001201,02050000200,4.0
02170001201,02170000300,10.0
02170001201,02170000502,4.0
02170001201,02170000601,4.0
02170001201,02170000604,4.0
02170001201,02170000705,10.0
02170001201,02170000706,4.0
02170001201,02170000800,150.0
02170001201,02170000900,55.0
02170001201,02170001001,4.0
02170001201,02170001003,50.0
02170001201,02170001004,80.0
02170001201,02170001100,95.0
02170001201,02170001201,445.0
02170001201,02170001202,345.0
02170001201,02170001300,20.0
02170001201,02185000300,4.0
02170001201,36119008500,4.0
02170001201,53033024800,4.0
02170001202,02020000101,4.0
02170001202,02020000102,4.0
02170001202,02020000201,4.0
02170001202,02020000202,15.0
02170001202,02020000204,10.0
02170001202,02020000205,15.0
02170001202,02020000500,4.0
02170001202,02020000601,15.0
02170001202,02020000701,4.0
02170001202,02020000702,10.0
02170001202,02020000703,4.0
02170001202,02020000802,4.0
02170001202,02020000901,45.0
02170001202,02020001000,4.0
02170001202,02020001100,55.0
02170001202,02020001200,4.0
02170001202,02020001401,10.0
02170001202,02020001500,4.0
02170001202,02020001601,15.0
02170001202,02020001602,80.0
02170001202,02020001701,4.0
02170001202,02020001801,4.0
02170001202,02020001802,4.0
02170001202,02020001900,55.0
02170001202,02020002100,4.0
02170001202,02020002202,4.0
02170001202,02020002301,70.0
02170001202,02020002302,4.0
02170001202,02020002501,10.0
02170001202,02020002502,10.0
02170001202,02020002601,10.0
02170001202,02020002711,4.0
02170001202,02020002712,10.0
02170001202,02020002713,4.0
02170001202,02020002811,4.0
02170001202,02020980000,10.0
02170001202,02020980100,105.0
02170001202,02020980200,40.0
02170001202,02090001300,4.0
02170001202,02170000102,20.0
02170001202,02170000300,4.0
02170001202,02170000401,4.0
02170001202,02170000402,4.0
02170001202,02170000502,4.0
02170001202,02170000601,25.0
02170001202,02170000603,4.0
02170001202,02170000604,40.0
02170001202,02170000701,10.0
02170001202,02170000703,4.0
02170001202,02170000705,30.0
02170001202,02170000800,135.0
02170001202,02170000900,85.0
02170001202,02170001003,30.0
02170001202,02170001004,80.0
02170001202,02170001100,125.0
02170001202,02170001201,240.0
02170001202,02170001202,460.0
02170001202,02170001300,35.0
02170001202,02188000200,4.0
02170001300,02020000101,4.0
02170001300,02020000102,10.0
02170001300,02020000201,15.0
02170001300,02020000202,15.0
02170001300,02020000205,10.0
02170001300,02020000500,20.0
02170001300,02020000601,20.0
02170001300,02020000602,4.0
02170001300,02020000701,4.0
02170001300,02020000702,10.0
02170001300,02020000901,55.0
02170001300,02020001000,30.0
02170001300,02020001100,25.0
02170001300,02020001401,20.0
02170001300,02020001500,15.0
02170001300,02020001601,4.0
02170001300,02020001602,70.0
02170001300,02020001701,10.0
02170001300,02020001702,4.0
02170001300,02020001801,4.0
02170001300,02020001900,65.0
02170001300,02020002100,4.0
02170001300,02020002202,10.0
02170001300,02020002301,75.0
02170001300,02020002304,4.0
02170001300,02020002400,4.0
02170001300,02020002501,20.0
02170001300,02020002502,35.0
02170001300,02020002601,10.0
02170001300,02020002712,20.0
02170001300,02020002713,10.0
02170001300,02020980000,4.0
02170001300,02020980100,40.0
02170001300,02020980200,45.0
02170001300,02063000300,4.0
02170001300,02090000500,4.0
02170001300,02110000200,15.0
02170001300,02122000500,4.0
02170001300,02170000200,55.0
02170001300,02170000300,20.0
02170001300,02170000401,4.0
02170001300,02170000502,4.0
02170001300,02170000604,4.0
02170001300,02170000701,4.0
02170001300,02170000703,10.0
02170001300,02170000705,15.0
02170001300,02170000800,110.0
02170001300,02170000900,100.0
02170001300,02170001001,4.0
02170001300,02170001003,15.0
02170001300,02170001004,60.0
02170001300,02170001100,120.0
02170001300,02170001201,240.0
02170001300,02170001202,310.0
02170001300,02170001300,560.0
02170001300,02185000100,4.0
02170001300,02185000300,10.0
02170001300,02188000200,10.0
02170001300,06001428700,4.0
02170001300,16001010357,4.0
02180000100,02180000100,395.0
02180000100,02180000200,35.0
02180000100,02290000100,4.0
02180000200,02016000200,4.0
02180000200,02180000100,4.0
02180000200,02180000200,775.0
02185000100,02020002501,4.0
02185000100,02185000100,0.0
02185000100,02185000200,210.0
02185000200,02185000100,4.0
02185000200,02185000200,330.0
02185000300,02020001100,70.0
02185000300,02185000300,470.0
02188000100,02188000100,190.0
02188000100,02188000200,40.0
02188000200,02188000200,605.0
02195000200,02020002301,4.0
02195000200,02110000400,4.0
02195000200,02110000500,4.0
02195000200,02195000200,930.0
02195000200,02220000200,4.0
02195000200,53033004701,4.0
02198000100,02020000201,4.0
02198000100,02110000400,4.0
02198000100,02110000500,4.0
02198000100,02130000200,4.0
02198000100,02170001001,4.0
02198000100,02198000100,245.0
02198000100,02198000200,15.0
02198000100,02198940100,15.0
02198000100,02220000200,4.0
02198000200,02110000200,4.0
02198000200,02130000200,4.0
02198000200,02198000100,4.0
02198000200,02198000200,485.0
02198000200,12031014604,4.0
02198940100,02130000200,4.0
02198940100,02198940100,60.0
02198940100,46099010405,4.0
02220000100,02110000500,4.0
02220000100,02150000500,20.0
02220000100,02195000200,65.0
02220000100,02220000100,295.0
02220000100,02220000200,0.0
02220000100,06075012503,10.0
02220000100,21021930300,20.0
02220000200,02020001500,4.0
02220000200,02020002602,4.0
02220000200,02110000400,4.0
02220000200,02195000200,25.0
02220000200,02220000100,245.0
02220000200,02220000200,0.0
02220000200,41017000501,4.0
02220000200,41017001502,4.0
02220000200,41051010602,4.0
02230000100,02230000100,290.0
02240000100,02020001900,4.0
02240000100,02090000200,4.0
02240000100,02240000100,255.0
02240000100,02240000400,10.0
02240000400,02020000901,4.0
02240000400,02090001000,35.0
02240000400,02090980000,4.0
02240000400,02240000100,10.0
02240000400,02240000400,485.0
02275000300,02275000300,330.0
02282000100,02282000100,135.0
02290000100,02290000100,95.0
02290000100,02290000300,4.0
02290000200,02020002712,4.0
02290000200,02090000200,4.0
02290000200,02090000500,4.0
02290000200,02090000600,4.0
02290000200,02090000800,4.0
02290000200,02090001000,10.0
02290000200,02090001300,15.0
02290000200,02090001901,20.0
02290000200,02090001902,4.0
02290000200,02090980000,4.0
02290000200,02110000500,4.0
02290000200,02290000200,350.0
02290000200,02290000300,4.0
02290000300,02020001401,4.0
02290000300,02180000200,4.0
02290000300,02290000100,4.0
02290000300,02290000300,220.0
02290000300,02290000400,4.0
02290000300,53011041329,4.0
02290000400,02020001100,4.0
02290000400,02290000200,4.0
02290000400,02290000300,4.0
02290000400,02290000400,80.0
